Name,Year Drafted,Pick Round,Position,Y1 GP,Y1 GS,Y1 MPG,Y1 FG%,Y1 3P%,Y1 FT%,Y1 RPG,Y1 APG,Y1 SPG,Y1 BPG,Y1 PPG,Y2 GP,Y2 GS,Y2 MPG,Y2 FG%,Y2 3P%,Y2 FT%,Y2 RPG,Y2 APG,Y2 SPG,Y2 BPG,Y2 PPG,Y3 GP,Y3 GS,Y3 MPG,Y3 FG%,Y3 3P%,Y3 FT%,Y3 RPG,Y3 APG,Y3 SPG,Y3 BPG,Y3 PPG,Y4 GP,Y4 GS,Y4 MPG,Y4 FG%,Y4 3P%,Y4 FT%,Y4 RPG,Y4 APG,Y4 SPG,Y4 BPG,Y4 PPG,Active,All-Stars by Y4,Total All-Stars
Shaquille O'Neal,1992,1,C,81,81,37.9,0.562,0,0.592,13.9,1.9,0.7,3.5,23.4,81,81,39.8,0.599,0,0.554,13.2,2.4,0.9,2.9,29.3,79,79,37,0.583,0,0.533,11.4,2.7,0.9,2.4,29.3,54,52,36,0.573,0.5,0.487,11,2.9,0.6,2.1,26.6,No,4,15
Kobe Bryant,1996,13,SG,71,6,15.5,0.417,0.375,0.819,1.9,1.3,0.7,0.3,7.6,79,1,26,0.428,0.341,0.794,3.1,2.5,0.9,0.5,15.4,50,50,37.9,0.465,0.267,0.839,5.3,3.8,1.4,1,19.9,66,62,38.2,0.468,0.319,0.821,6.3,4.9,1.6,0.9,22.5,No,2,18
Lebron James,2003,1,SG,79,79,39.5,0.417,0.29,0.754,5.5,5.9,1.6,0.7,20.9,80,80,42.3,0.472,0.351,0.75,7.4,7.2,2.2,0.7,27.2,79,79,42.5,0.48,0.335,0.738,7,6.6,1.6,0.8,31.4,78,78,40.9,0.476,0.319,0.698,6.7,6,1.6,0.7,27.3,Yes,3,21
Carmelo Anthony,2003,3,SF,82,82,36.5,0.426,0.322,0.777,6.1,2.8,1.2,0.5,21,75,75,34.8,0.431,0.266,0.796,5.7,2.6,0.9,0.4,20.8,80,80,36.8,0.481,0.243,0.808,4.9,2.7,1.1,0.5,26.5,65,65,38.2,0.476,0.268,0.808,6,3.8,1.2,0.4,28.9,No,1,10
Andrew Bogut,2005,1,C,82,77,28.6,0.533,0,0.629,7,2.3,0.6,0.8,9.4,66,66,34.2,0.553,0.2,0.577,8.8,3,0.7,0.5,12.3,78,78,34.9,0.511,0,0.587,9.8,2.6,0.8,1.7,14.3,36,33,31.2,0.577,0,0.571,10.3,2,0.6,1,11.7,No,0,0
Marvin Williams,2005,2,F,79,7,24.7,0.443,0.245,0.747,4.8,0.8,0.6,0.3,8.5,64,63,34,0.433,0.244,0.815,5.3,1.9,0.8,0.5,13.1,80,80,34.6,0.462,0.1,0.822,5.7,1.7,1,0.4,14.8,61,59,34.3,0.458,0.355,0.806,6.3,1.3,0.9,0.6,13.9,No,0,0
Deron Williams,2005,3,PG,80,47,28.8,0.421,0.416,0.704,2.4,4.5,0.8,0.2,10.8,80,80,36.9,0.456,0.322,0.767,3.3,9.3,1,0.2,16.2,82,82,37.3,0.507,0.395,0.803,3,10.5,1.1,0.3,18.8,68,68,36.8,0.471,0.31,0.849,2.9,10.7,1.1,0.3,19.4,No,0,3
Chris Paul,2005,4,PG,78,78,36,0.43,0.282,0.847,5.1,7.8,2.2,0.1,16.1,64,64,36.8,0.437,0.35,0.818,4.4,8.9,1.8,0,17.3,80,80,37.6,0.488,0.369,0.851,4,11.6,2.7,0.1,21.1,78,78,38.5,0.503,0.364,0.868,5.5,11,2.8,0.1,22.8,Yes,2,11
Raymond Felton,2005,5,PG,80,54,30.1,0.391,0.358,0.725,3.3,5.6,1.3,0.1,11.9,78,75,36.3,0.384,0.33,0.797,3.4,7,1.5,0.1,14,79,79,37.6,0.413,0.28,0.8,3,7.4,1.2,0.2,14.4,82,81,37.6,0.408,0.285,0.805,3.8,6.7,1.5,0.4,14.2,No,0,0
Martell Webster,2005,6,G/F,61,18,17.5,0.399,0.357,0.859,2.1,0.6,0.3,0.2,6.6,82,27,21.5,0.396,0.364,0.705,2.9,0.6,0.4,0.2,7,75,70,28.4,0.422,0.388,0.735,3.9,1.2,0.6,0.4,10.7,1,0,5,0,0,0,0,0,0,0,0,No,0,0
Charlie Villanueva,2005,7,F,81,36,29.1,0.463,0.327,0.706,6.4,1.1,0.7,0.8,13,39,17,25.2,0.47,0.337,0.82,5.8,0.9,0.6,0.3,11.8,76,31,24.1,0.435,0.297,0.783,6.1,1,0.4,0.5,11.7,78,47,26.9,0.447,0.345,0.838,6.7,1.8,0.6,0.7,16.2,No,0,0
Channing Frye,2005,8,C,65,14,24.2,0.477,0.333,0.825,5.8,0.8,0.5,0.7,12.3,72,59,26.3,0.433,0.167,0.787,5.5,0.9,0.5,0.6,9.5,78,20,17.2,0.488,0.3,0.78,4.5,0.7,0.4,0.3,6.8,63,1,11.8,0.423,0.333,0.722,2.2,0.4,0.3,0.3,4.2,No,0,0
Ike Diogu,2005,9,F,69,14,14.9,0.524,0,0.81,3.3,0.4,0.2,0.4,7,17,0,13.1,0.53,0,0.795,3.7,0.3,0.2,0.6,7.2,42,2,12.8,0.454,0,0.802,3.3,0.5,0.1,0.4,5.8,30,1,10.2,0.478,0,0.851,2.8,0.3,0.2,0.1,5.6,No,0,0
Andrew Bynum,2005,10,C,46,0,7.3,0.402,0,0.296,1.7,0.2,0.1,0.5,1.6,82,53,21.9,0.558,0,0.668,5.9,1.1,0.1,1.6,7.8,35,25,28.8,0.636,0,0.695,10.2,1.7,0.3,2.1,13,50,50,28.9,0.56,0,0.707,8,1.4,0.4,1.8,14.3,No,0,0
Sean May,2005,13,F,23,1,17.3,0.409,0,0.766,4.7,1,0.7,0.5,8.2,35,8,23.9,0.5,0.667,0.768,6.7,1.9,0.5,0.7,11.9,24,12,12.5,0.398,1,0.7,2.9,0.4,0.2,0.2,3.9,37,4,8.9,0.459,0,0.656,1.9,0.5,0.3,0.2,3.3,No,0,0
Rashad McCants,2005,14,G,79,12,17.2,0.45,0.372,0.736,1.8,0.8,0.6,0.3,7.9,37,0,15,0.35,0.267,0.69,1.3,1,0.7,0.2,5,75,24,26.9,0.453,0.407,0.748,2.7,2.2,0.9,0.2,14.9,34,2,18.7,0.36,0.319,0.741,1.9,0.9,0.8,0.2,9.1,No,0,0
Antoine Wright,2005,15,G/F,39,0,9.5,0.358,0.067,0.5,0.8,0.3,0.1,0.1,1.8,63,23,18,0.438,0.322,0.603,2.8,0.9,0.5,0.2,4.5,41,10,25.8,0.401,0.267,0.707,3,1.6,0.6,0.4,7.3,15,0,11.7,0.5,0.556,0.556,1.5,0.9,0.1,0.3,3.5,No,0,0
Joey Graham,2005,16,F,80,24,19.8,0.478,0.333,0.812,3.1,0.8,0.5,0.2,6.7,79,21,16.7,0.495,0.29,0.84,3.1,0.6,0.4,0.1,6.4,38,3,8.7,0.434,0.667,0.844,1.8,0.4,0.1,0,3.6,78,10,19.8,0.481,0.188,0.825,3.7,0.6,0.4,0.2,7.7,No,0,0
Danny Granger,2005,17,SF,78,17,22.6,0.462,0.323,0.777,4.9,1.2,0.7,0.8,7.5,82,57,34,0.459,0.382,0.803,4.6,1.4,0.8,0.7,13.9,80,80,36,0.446,0.404,0.852,6.1,2.1,1.2,1.1,19.6,67,66,36.2,0.447,0.404,0.878,5.1,2.7,1,1.4,25.8,No,1,1
Gerald Green,2005,18,G/F,32,3,11.7,0.478,0.3,0.784,1.3,0.6,0.4,0.1,5.2,81,26,22,0.419,0.368,0.805,2.6,1,0.5,0.3,10.4,29,0,12.3,0.331,0.385,0.829,2.1,1,0.3,0.1,5.1,1,0,4,1,0,0,2,0,0,0,6,No,0,0
Hakim Warrick,2005,19,F,68,2,10.6,0.443,0,0.661,2.1,0.4,0.2,0.3,4.1,82,43,26.2,0.524,0,0.771,5.1,0.9,0.5,0.4,12.7,75,30,23.4,0.502,0.271,0.704,4.7,0.7,0.5,0.4,11.4,82,7,24.7,0.491,0.217,0.711,5,0.8,0.6,0.5,11.6,No,0,0
Nate Robinson,2005,21,G,72,26,21.4,0.407,0.397,0.752,2.3,2,0.8,0,9.3,64,5,21.2,0.434,0.39,0.777,2.4,1.4,0.8,0.1,10.1,72,17,26.2,0.423,0.332,0.786,3.1,2.9,0.8,0,12.7,74,11,29.9,0.437,0.325,0.841,3.9,4.1,1.3,0.1,17.2,No,0,0
Jarrett Jack,2005,22,G,79,4,20.2,0.442,0.263,0.8,2,2.8,0.5,0,6.7,79,79,33.6,0.454,0.35,0.871,2.6,5.3,1.1,0.1,12,82,16,27.2,0.431,0.342,0.867,2.9,3.8,0.7,0,9.9,82,53,33.1,0.453,0.353,0.852,3.4,4.1,1.1,0.2,13.1,No,0,0
Francisco García,2005,23,G/F,67,11,19.4,0.4,0.285,0.772,2.8,1.4,0.6,0.7,5.6,79,5,17.8,0.429,0.356,0.833,2.6,1.1,0.6,0.5,6,79,20,26.5,0.463,0.391,0.779,3.3,1.6,1.2,0.6,12.3,65,36,30.4,0.444,0.398,0.82,3.4,2.3,1.2,1,12.7,No,0,0
Luther Head,2005,24,G,80,27,28.9,0.403,0.361,0.699,3.3,2.7,1.1,0.1,8.8,80,10,27.6,0.437,0.441,0.79,3.2,2.4,1,0.1,10.9,73,17,18.9,0.432,0.351,0.815,1.8,1.9,0.6,0.1,7.6,22,4,14.6,0.386,0.368,0.875,1.2,1.6,0.3,0,4.8,No,0,0
Johan Petro,2005,25,C,68,41,18.9,0.51,0,0.627,4.4,0.2,0.4,0.8,5.2,81,13,18.6,0.516,0,0.649,4.1,0.6,0.5,0.6,6.2,72,28,18.2,0.419,0,0.736,5.1,0.4,0.5,0.6,6,22,12,18.2,0.407,0,0.667,4.3,0.3,0.7,0.2,4.6,No,0,0
Jason Maxiell,2005,26,F,26,0,6.1,0.426,0,0.333,1.1,0.1,0.2,0.2,2.3,67,8,14.1,0.5,0,0.526,2.8,0.2,0.4,0.9,5,82,7,21.6,0.538,0,0.633,5.3,0.6,0.3,1.1,7.9,78,4,18.1,0.575,0,0.532,4.2,0.3,0.3,0.8,5.8,No,0,0
Linas Kleiza,2005,27,F,61,2,8.5,0.445,0.154,0.704,1.9,0.2,0.2,0.2,3.5,79,14,18.8,0.422,0.376,0.852,3.4,0.6,0.4,0.2,7.6,79,13,23.9,0.472,0.339,0.77,4.2,1.2,0.6,0.2,11.1,82,7,22.2,0.447,0.326,0.725,4,0.8,0.4,0.2,9.9,No,0,0
Ian Mahinmi,2005,28,F/C,6,0,3.8,0.5,0,1,0.8,0.2,0,0.7,3.5,26,0,6.3,0.636,0,0.66,2,0.1,0.1,0.3,3.9,56,0,8.7,0.561,0,0.768,2.1,0.1,0.3,0.3,3.1,61,12,18.7,0.546,0,0.639,4.7,0.2,0.6,0.5,5.8,No,0,0
David Lee,2005,30,PF,67,14,16.9,0.596,0,0.577,4.5,0.6,0.4,0.3,5.1,58,12,29.8,0.6,0,0.815,10.4,1.8,0.8,0.4,10.7,81,29,29.1,0.552,0,0.819,8.9,1.2,0.7,0.4,10.8,81,74,34.9,0.549,0,0.755,11.7,2.1,1,0.3,16,No,1,2
Brandon Bass,2005,33,F,29,1,9.2,0.4,0,0.632,2.3,0.1,0.1,0.2,2.3,21,3,7.7,0.341,0,0.75,2,0.1,0.1,0.1,2,79,1,19.7,0.499,0,0.822,4.4,0.7,0.3,0.6,8.3,81,0,19.4,0.496,0,0.867,4.5,0.5,0.3,0.7,8.5,No,0,0
Ersan İlyasova,2005,36,F,66,14,14.7,0.383,0.365,0.787,2.9,0.7,0.4,0.3,6.1,81,31,23.4,0.443,0.336,0.715,6.4,1,0.7,0.3,10.4,60,34,25.1,0.436,0.298,0.894,6.1,0.9,0.9,0.4,9.5,60,41,27.6,0.492,0.455,0.781,8.8,1.2,0.7,0.7,13,No,0,0
Ronny Turiaf,2005,37,F,23,0,10.7,0.42,0.439,0.833,0.9,0.7,0.3,0,3.8,72,1,15.1,0.549,0,0.664,3.6,0.9,0.2,1.1,5.3,78,21,18.7,0.474,0,0.753,3.9,1.6,0.4,1.4,6.6,79,26,21.5,0.508,0,0.79,4.6,2.1,0.4,2.1,5.9,No,0,0
Travis Diener,2005,38,G,23,0,10.7,0.42,0.439,0.833,0.9,0.7,0.3,0,3.8,26,0,11.1,0.425,0.36,0.8,0.7,1.3,0.2,0,3.8,66,21,20.5,0.37,0.318,0.901,1.7,3.8,0.5,0.1,6.9,55,0,13.1,0.413,0.39,0.8,1.6,2.2,0.5,0.1,3.7,No,0,0
Von Wafer,2005,39,G,16,0,4.6,0.158,0.118,0.75,0.5,0.3,0.2,0,1.3,1,0,1,0,0,0,0,0,0,0,0,21,0,4.3,0.263,0.067,0.75,0.5,0.2,0.1,0,1.3,8,0,8,0.304,0.273,0.5,1.1,0.3,0,0.3,2.4,No,0,0
Monta Ellis,2005,40,SG,49,3,18.1,0.415,0.341,0.712,2.1,1.6,0.7,0.2,6.8,77,53,34.3,0.475,0.273,0.763,3.2,4.1,1.7,0.3,16.5,81,72,37.9,0.531,0.231,0.767,5,3.9,1.5,0.3,20.2,25,25,35.7,0.451,0.308,0.83,4.3,3.7,1.6,0.3,19,No,0,0
Lou Williams,2005,45,SG,30,0,4.8,0.442,0.222,0.615,0.6,0.3,0.2,0,1.9,61,0,11.3,0.441,0.324,0.696,1.1,1.8,0.4,0,4.3,80,0,23.3,0.424,0.359,0.783,2.1,3.2,1,0.2,11.5,81,0,23.7,0.398,0.286,0.79,2,3,1,0.2,12.8,No,0,0
Ryan Gomes,2005,50,F,61,33,22.6,0.487,0.333,0.752,4.9,1,0.6,0.1,7.6,73,60,31.2,0.467,0.381,0.811,5.6,1.6,0.7,0.2,12.1,82,74,29.7,0.457,0.33,0.83,5.8,1.8,0.8,0.1,12.6,82,76,31.9,0.431,0.372,0.807,4.8,1.6,0.8,0.3,13.3,No,0,0
Orien Greene,2005,53,G,80,5,15.4,0.395,0.225,0.662,1.8,1.6,1,0.1,3.2,41,0,6.2,0.371,0.182,0.6,1.1,0.5,0.4,0.1,1.5,7,2,8.7,0.273,0,0,0.9,0.4,0.4,0.1,0.9,3,0,1.7,0.5,0,0.5,0,0.3,0.3,0,1,No,0,0
Amir Johnson,2005,56,F,3,0,13,0.7,0.667,1,1.3,1,0,0.7,6.7,8,0,15.5,0.545,0,0.786,4.6,0.4,0.6,1.6,5.9,62,0,12.3,0.558,0,0.673,3.8,0.5,0.4,1.3,3.6,62,24,14.7,0.595,0,0.657,3.7,0.3,0.3,1,3.5,No,0,0
Andrea Bargnani,2006,1,PF,65,2,25.1,0.427,0.373,0.824,3.9,0.8,0.5,0.8,11.6,78,53,23.9,0.386,0.345,0.84,3.7,1.1,0.3,0.5,10.2,78,59,31.4,0.45,0.409,0.831,5.3,1.2,0.4,1.2,15.4,80,80,35,0.47,0.372,0.774,6.3,1.2,0.3,1.4,17.2,No,0,0
LaMarcus Aldridge,2006,2,PF,63,22,22.1,0.503,0,0.722,5,0.4,0.3,1.2,9,76,76,34.9,0.484,0.143,0.762,7.6,1.6,0.7,1.2,17.8,81,81,37.1,0.484,0.25,0.781,7.5,1.9,1,1,18.1,78,78,37.5,0.495,0.313,0.757,8,2.1,0.9,0.6,17.9,No,0,7
Adam Morrison,2006,3,SF,78,23,29.8,0.376,0.337,0.71,2.9,2.1,0.4,0.1,11.8,44,5,15.2,0.36,0.337,0.762,1.6,0.9,0.2,0.1,4.5,8,0,5.5,0.333,0.25,0.5,1,0.4,0,0,1.3,31,0,7.8,0.376,0.238,0.625,1,0.6,0.1,0.1,2.4,No,0,0
Tyrus Thomas,2006,4,PF,72,4,13.4,0.475,0,0.606,3.7,0.6,0.6,1.1,5.2,74,27,18,0.423,0.167,0.741,4.6,1.2,0.6,1,6.8,79,61,27.5,0.451,0.333,0.783,6.5,1,1.2,1.9,10.8,29,3,23.4,0.483,0,0.644,6.3,1.1,1.4,1.7,8,No,0,0
Shelden Williams,2006,5,PF,81,31,18.7,0.455,0.5,0.764,5.4,0.5,0.6,0.5,5.5,36,0,11.5,0.37,0,0.686,3,0.3,0.4,0.4,3,28,0,12.9,0.491,0,0.667,3.5,0.3,0.3,0.4,5.2,30,0,10.2,0.449,0,0.762,2.6,0.3,0.4,0.3,0.7,No,0,0
Brandon Roy,2006,6,SG,57,55,35.4,0.456,0.377,0.838,4.4,4,1.2,0.2,16.8,74,74,37.7,0.454,0.34,0.753,4.7,5.8,1.1,0.2,19.1,78,78,37.2,0.48,0.377,0.824,4.7,5.1,1.1,0.3,22.6,65,65,37.2,0.473,0.33,0.78,4.4,4.7,0.9,0.2,21.5,No,2,3
Randy Foye,2006,7,SG,82,12,22.9,0.434,0.368,0.854,2.7,2.8,0.6,0.3,10.1,39,31,32.3,0.429,0.412,0.815,3.3,4.2,0.9,0.1,13.1,70,61,35.6,0.407,0.36,0.846,3.1,4.3,1,0.4,16.3,70,38,23.8,0.414,0.346,0.89,1.9,3.3,0.5,0.1,10.1,No,0,0
Rudy Gay,2006,8,SF,78,43,27,0.422,0.364,0.727,4.5,1.3,0.9,0.9,10.8,81,81,37,0.461,0.346,0.785,6.2,2,1.4,1,20.1,79,78,37.3,0.453,0.351,0.767,5.5,1.7,1.2,0.7,18.9,80,80,39.7,0.466,0.327,0.752,5.9,1.9,1.5,0.8,19.6,No,0,0
Patrick O'Bryant,2006,9,C,16,0,7.4,0.313,0,0.647,1.3,0.6,0.4,0.5,1.9,24,0,4.1,0.552,0,0.6,1.2,0.2,0.2,0.4,1.5,26,0,4.2,0.516,0,0.667,1.3,0.3,0.1,0.3,1.5,13,3,11.3,0.547,0,0.375,2.5,0.2,0.2,0.8,4.7,No,0,0
Mouhamed Sene,2006,10,C,28,3,6,0.367,0,0.586,1.6,0,0.1,0.4,1.9,13,0,4.8,0.458,0,0.471,1.2,0.1,0,0.5,2.3,5,0,4.6,0.714,0,0.778,1.8,0,0.2,0.4,3.4,1,0,6,0.5,0,1,5,0,0,1,3,No,0,0
JJ Redick,2006,11,SG,42,0,14.8,0.41,0.388,0.9,1.2,0.9,0.3,0,6,34,0,8.1,0.444,0.395,0.794,0.7,0.5,0.1,0,4.1,64,5,17.4,0.391,0.374,0.871,1.7,1.1,0.3,0,6,82,9,22,0.439,0.405,0.86,1.9,1.9,0.3,0,9.6,No,0,0
Rajon Rondo,2006,21,PG,78,25,23.5,0.418,0.207,0.647,3.7,3.8,1.6,0.1,6.4,77,77,29.9,0.492,0.263,0.611,4.2,5.1,1.7,0.2,10.6,80,80,33,0.505,0.313,0.642,5.2,8.2,1.9,0.1,11.9,81,81,36.6,0.508,0.213,0.621,4.4,9.8,2.3,0.1,13.7,No,1,1
Kyle Lowry,2006,24,PG,10,0,17.5,0.368,0.375,0.893,3.1,3.2,1.4,0.1,5.6,82,9,25.5,0.432,0.257,0.698,3,3.6,1.1,0.3,9.6,77,21,21.9,0.412,0.246,0.801,2.3,3.6,1,0.2,7.6,68,0,24.3,0.397,0.272,0.827,3.6,4.5,0.9,0.1,9.1,Yes,0,6
Steve Novak,2006,32,SF,35,1,5.5,0.36,0.333,1,0.7,0.2,0.1,0,1.5,35,0,7.5,0.48,0.479,0.75,1,0.2,0.1,0.1,3.9,71,3,16.4,0.444,0.416,0.913,1.8,0.6,0.3,0.1,6.9,54,0,6.7,0.389,0.31,0.778,0.6,0.1,0.1,0,2.1,No,0,0
Solomon Jones,2006,33,F,58,8,11.5,0.508,0,0.787,2.3,0.2,0.2,0.7,3.3,35,0,4.1,0.4,0,0.55,1.2,0,0.1,0.1,1,63,0,10.7,0.604,0.5,0.716,2.3,0.2,0.1,0.5,3,52,2,13,0.443,0,0.718,2.8,0.6,0.3,0.7,4,No,0,0
Paul Davis,2006,34,C,31,0,5.8,0.423,0,0.7,1.4,0.2,0.2,0.2,1.6,22,1,8.8,0.369,0,0.6,2.1,0.5,0.3,0.3,2.5,27,1,11.9,0.408,0,0.794,2.5,0.4,0.4,0.1,4,2,0,4,0.5,0,0.5,0,1.5,0,0.5,2.5,No,0,0
P. J. Tucker,2006,35,F,17,0,4.9,0.5,0,0.571,1.4,0.2,0.1,0,1.8,79,45,24.2,0.473,0.314,0.744,4.4,1.4,0.8,0.2,6.4,81,81,30.7,0.431,0.387,0.776,6.5,1.7,1.4,0.3,9.4,78,63,30.6,0.438,0.345,0.727,6.4,1.6,1.4,0.3,9.1,Yes,0,0
Craig Smith,2006,36,F,82,5,18.7,0.531,0,0.624,5.1,0.6,0.6,0.2,7.4,77,11,20.1,0.563,0,0.665,4.6,0.8,0.5,0.2,9.4,74,31,19.7,0.562,0,0.677,3.8,1.1,0.4,0.3,10.1,75,2,16.4,0.569,0.2,0.635,3.8,1.1,0.4,0.3,7.8,No,0,0
Paul Millsap,2006,47,PF,82,1,18,0.525,0.333,0.673,5.2,0.8,0.8,0.9,6.8,82,2,20.8,0.504,0,0.677,5.6,1,0.9,0.9,8.1,76,38,30.1,0.538,0,0.699,8.6,1.8,1,1,13.5,82,8,27.8,0.538,0.111,0.693,6.8,1.6,0.8,1.2,11.6,No,0,4
Kevin Durant,2007,2,SF,80,80,34.6,0.43,0.288,0.873,4.4,2.4,1,0.9,20.3,74,74,39,0.476,0.422,0.863,6.5,2.8,1.3,0.7,25.3,82,82,39.5,0.476,0.365,0.9,7.6,2.8,1.4,1,30.1,78,78,38.9,0.462,0.35,0.88,6.8,2.7,1.1,1,27.7,Yes,2,15
Al Horford,2007,3,C,81,77,31.4,0.499,0,0.731,9.7,1.5,0.7,0.9,10.1,67,67,33.5,0.525,0,0.727,9.3,2.4,0.8,1.4,11.5,81,81,35.1,0.551,1,0.789,9.9,2.3,0.7,1.1,14.2,77,77,35.1,0.557,0.5,0.798,9.3,3.5,0.8,1,15.3,Yes,2,5
Mike Conley,2007,4,PG,53,46,26.1,0.428,0.33,0.732,2.6,4.2,0.8,0,9.4,82,61,30.6,0.442,0.406,0.817,3.4,4.3,1.1,0.1,10.9,80,80,32.1,0.445,0.387,0.743,2.4,5.3,1.4,0.2,12,81,81,35.5,0.444,0.369,0.733,3,6.5,1.8,0.2,13.7,Yes,0,1
Jeff Green,2007,5,SF,80,52,28.2,0.427,0.276,0.744,4.7,1.5,0.6,0.6,10.5,78,78,36.8,0.446,0.389,0.788,6.6,2,1,0.4,16.5,82,82,37.1,0.453,0.333,0.74,6,1.6,1.3,0.9,15.1,75,51,32.4,0.449,0.303,0.811,4.8,1.4,0.7,0.5,13.3,Yes,0,0
Yi Jianlian,2007,6,PF,66,49,25,0.421,0.286,0.841,5.2,0.8,0.5,0.8,8.6,61,52,23.3,0.382,0.343,0.772,5.3,1,0.5,0.6,8.6,52,51,31.8,0.403,0.366,0.798,7.2,0.9,0.7,1,12,63,11,17.7,0.418,0.231,0.681,3.9,0.4,0.4,0.5,5.6,No,0,0
Corey Brewer,2007,7,SF,79,35,22.8,0.374,0.194,0.8,3.7,1.4,1,0.3,5.8,15,8,20.5,0.411,0.417,0.737,3.3,1.7,1,0.2,6.2,82,82,30.3,0.431,0.346,0.648,3.4,2.4,1.4,0.4,13,56,22,24.3,0.384,0.263,0.708,2.7,1.4,1.6,0.2,8.6,No,0,0
Brandan Wright,2007,8,PF,38,6,9.9,0.554,0,0.675,2.6,0.2,0.2,0.6,4,39,23,17.6,0.528,0,0.741,4,0.5,0.6,0.9,8.3,21,1,9.3,0.603,0,0.5,2,0.2,0.1,0.5,4,49,0,16.1,0.618,0,0.634,3.6,0.3,0.4,1.3,6.9,No,0,0
Joakim Noah,2007,9,C,74,31,20.7,0.482,0,0.691,5.6,1.1,0.9,0.9,6.6,80,55,24.2,0.556,0,0.676,7.6,1.3,0.6,1.4,6.7,64,54,30.1,0.504,0,0.744,11,2.1,0.5,1.6,10.7,48,48,32.8,0.525,0,0.764,10.4,2.2,1,1.5,11.7,No,0,2
Spencer Hawes,2007,10,C,71,8,13.1,0.459,0.19,0.655,3.2,0.6,0.2,0.6,4.7,77,51,29.3,0.466,0.348,0.662,7.1,1.9,0.6,1.2,11.4,72,59,26.4,0.468,0.299,0.689,6.1,2.2,0.4,1.2,10,81,81,21.2,0.465,0.243,0.534,5.7,1.5,0.4,0.9,7.2,No,0,0
Glen Davis,2007,35,PF,69,1,13.6,0.484,0,0.66,3,0.4,0.4,0.3,4.5,76,16,21.5,0.442,0.4,0.73,4,0.9,0.7,0.3,7,54,1,17.3,0.437,0,0.696,3.8,0.6,0.4,0.3,6.3,78,13,29.5,0.448,0.133,0.736,5.4,1.2,1,0.4,11.7,No,0,0
Marc Gasol,2007,48,C,82,75,30.7,0.53,0,0.733,7.4,1.7,0.8,1.1,11.9,69,69,35.8,0.581,0,0.67,9.3,2.4,1,1.6,14.6,81,81,31.9,0.527,0.429,0.748,7,2.5,0.9,1.7,11.7,65,65,36.5,0.482,0.083,0.748,8.9,3.1,1,1.9,14.6,No,1,3
Derrick Rose,2008,1,PG,81,80,37,0.475,0.222,0.788,3.9,6.3,0.8,0.2,16.8,78,78,36.8,0.489,0.267,0.766,3.8,6,0.7,0.3,20.8,81,81,37.4,0.445,0.332,0.858,4.1,7.7,1,0.6,25,39,39,35.2,0.435,0.312,0.812,3.4,7.9,0.9,0.7,21.8,No,3,3
Michael Beasley,2008,2,PF,81,19,24.8,0.472,0.407,0.772,5.4,1,0.5,0.5,13.9,78,78,29.8,0.45,0.275,0.8,6.4,1.3,1,0.6,14.8,73,73,32.3,0.45,0.366,0.753,5.6,2.2,0.7,0.7,19.2,47,7,23.1,0.445,0.376,0.642,4.4,1,0.4,0.4,11.5,No,0,0
O. J. Mayo,2008,3,SG,82,82,38,0.438,0.384,0.879,3.8,3.2,1.1,0.2,18.5,82,82,38,0.458,0.383,0.809,3.8,3,1.2,0.2,17.5,71,17,26.3,0.407,0.364,0.756,2.4,2,1,0.4,11.3,66,0,26.8,0.408,0.364,0.773,3.2,2.6,1.1,0.3,12.6,No,0,0
Russell Westbrook,2008,4,PG,82,65,32.5,0.398,0.271,0.815,4.9,5.3,1.3,0.2,15.3,82,82,34.3,0.418,0.221,0.78,4.9,8,1.3,0.4,16.1,82,82,34.7,0.442,0.33,0.842,4.6,8.2,1.9,0.4,21.9,66,66,35.3,0.457,0.316,0.823,4.6,5.5,1.7,0.3,23.6,Yes,2,9
Kevin Love,2008,5,PF,81,37,25.3,0.459,0.105,0.789,9.1,1,0.4,0.6,11.1,60,22,28.6,0.45,0.33,0.815,11,2.3,0.7,0.4,14,73,73,35.8,0.47,0.417,0.85,15.2,2.5,0.6,0.4,20.2,55,55,39,0.448,0.372,0.824,13.3,2,0.9,0.5,26,Yes,2,5
Eric Gordon,2008,7,SG,78,65,34.3,0.456,0.389,0.854,2.6,2.8,1,0.4,16.1,62,60,36,0.449,0.371,0.742,2.6,3,1.1,0.2,16.9,56,56,37.7,0.45,0.364,0.825,2.9,4.4,1.3,0.3,22.3,9,9,34.5,0.45,0.25,0.754,2.8,3.4,1.4,0.4,20.6,Yes,0,0
D. J. Augustin,2008,9,PG,72,12,26.5,0.43,0.439,0.893,1.8,3.5,0.6,0,11.8,80,2,18.4,0.386,0.393,0.779,1.2,2.4,0.6,0.1,6.3,82,82,33.6,0.416,0.333,0.906,2.7,6.1,0.7,0,14.4,48,46,29.3,0.376,0.341,0.875,2.3,6.4,0.8,0,11.1,No,0,0
Brook Lopez,2008,10,C,82,75,30.5,0.531,0,0.793,8.1,1,0.5,1.8,13,82,82,36.9,0.499,0,0.817,8.6,2.3,0.7,1.7,18.8,82,82,35.2,0.492,0,0.787,6,1.6,0.6,1.5,20.4,5,5,27.2,0.494,0,0.625,3.6,1.2,0.2,0.8,19.2,Yes,0,1
Jason Thompson,2008,12,PF,82,56,28.1,0.497,0,0.692,7.4,1.1,0.6,0.7,11.1,75,58,31.4,0.472,0.1,0.715,8.5,1.7,0.5,1,12.5,75,39,23.3,0.507,0,0.605,6.1,1.2,0.4,0.6,8.8,64,47,25.9,0.535,0,0.602,6.9,1.2,0.7,0.7,9.1,No,0,0
Brandon Rush,2008,13,SG,75,19,24,0.423,0.373,0.697,3.1,0.9,0.5,0.5,8.1,82,64,30.4,0.423,0.411,0.629,4.2,1.4,0.7,0.8,9.4,67,21,26.2,0.421,0.417,0.755,3.2,0.9,0.6,0.5,9.1,65,1,26.4,0.501,0.452,0.793,3.9,1.4,0.5,0.9,9.8,No,0,0
Robin Lopez,2008,15,C,60,7,10.2,0.518,0,0.691,2,0.1,0.2,0.7,3.2,51,31,19.3,0.588,0,0.704,4.9,0.1,0.2,1,8.4,67,56,14.8,0.501,0,0.74,3.2,0.1,0.3,0.7,6.4,64,0,14,0.461,0,0.714,3.3,0.3,0.3,0.9,5.4,No,0,0
Marreese Speights,2008,16,PF,79,2,16,0.502,0.25,0.773,3.7,0.4,0.3,0.7,7.7,62,1,16.4,0.477,0,0.745,4.1,0.6,0.5,0.5,8.6,64,1,11.5,0.495,0.25,0.753,3.3,0.5,0.1,0.3,5.4,60,54,22.4,0.453,0,0.771,6.2,0.8,0.4,0.5,8.8,No,0,0
Roy Hibbert,2008,17,C,69,42,14.4,0.471,0,0.667,3.5,0.7,0.3,1.1,7.1,81,69,25.1,0.495,0.5,0.754,5.7,2,0.4,1.6,11.7,81,80,27.7,0.461,0,0.745,7.5,2,0.4,1.8,12.7,65,65,29.8,0.497,0,0.711,8.8,1.7,0.5,2,12.8,No,1,2
JJ Hickson,2008,19,PF,62,0,11.4,0.515,0,0.672,2.7,0.1,0.2,0.5,4,81,73,20.9,0.554,0,0.681,4.9,0.5,0.4,0.5,8.5,80,66,28.2,0.458,0,0.673,8.7,1.1,0.6,0.7,13.8,35,9,18.4,0.37,0,0.638,5.1,0.6,0.5,0.5,4.7,No,0,0
Ryan Anderson,2008,21,PF,66,30,19.9,0.393,0.365,0.845,4.7,0.8,0.7,0.3,7.4,63,6,14.5,0.436,0.37,0.866,3.2,0.6,0.4,0.2,7.7,64,14,22.1,0.43,0.393,0.812,5.5,0.8,0.5,0.6,10.6,61,61,32.2,0.439,0.393,0.877,7.7,0.9,0.8,0.4,16.1,No,0,0
Courtney Lee,2008,22,SG,77,42,25.2,0.45,0.404,0.83,2.3,1.2,1,0.2,8.4,71,66,33.5,0.436,0.338,0.869,3.5,1.7,1.3,0.3,12.5,81,1,21.3,0.439,0.408,0.792,2.6,1.2,0.7,0.2,8.3,58,26,30.3,0.433,0.401,0.826,2.7,1.5,1.2,0.4,11.4,No,0,0
DeAndre Jordan,2008,35,C,53,13,14.6,0.633,0,0.385,4.5,0.2,0.2,1.1,4.3,70,12,16.2,0.605,0,0.375,5,0.3,0.2,0.9,4.8,80,66,25.6,0.686,0,0.452,7.2,0.5,0.5,1.8,7.1,66,66,27.2,0.632,0,0.525,8.3,0.3,0.5,2,7.4,Yes,0,1
Goran Dragić,2008,45,PG,55,1,13.2,0.393,0.37,0.769,1.9,2,0.5,0.1,4.5,80,2,18,0.452,0.394,0.736,2.1,3,0.6,0.1,7.9,48,2,17.8,0.421,0.277,0.608,1.8,3.1,0.8,0.1,7.4,22,3,17.2,0.472,0.519,0.667,2.5,2.5,0.6,0.2,7.7,No,0,1
Blake Griffin,2009,1,PF,82,82,38,0.506,0.292,0.642,12.1,3.8,0.8,0.5,22.5,66,66,36.3,0.549,0.125,0.521,10.9,3.2,0.8,0.7,20.7,80,80,32.5,0.538,0.179,0.66,8.3,3.7,1.2,0.6,18,80,80,36.1,0.528,0.273,0.715,9.5,3.9,1.2,0.6,24.1,No,3,6
James Harden,2009,3,SG,76,0,22.9,0.403,0.375,0.808,3.2,1.8,1.1,0.3,9.9,82,5,26.7,0.436,0.349,0.843,3.1,2.1,1.1,0.3,12.2,62,2,31.4,0.491,0.39,0.846,4.1,3.7,1,0.2,16.8,78,78,38.3,0.438,0.368,0.851,4.9,5.8,1.8,0.5,25.9,Yes,1,11
Tyreke Evans,2009,4,SG,72,72,37.2,0.458,0.255,0.748,5.3,5.8,1.5,0.4,20.1,57,53,37,0.409,0.291,0.771,4.8,5.6,1.5,0.5,17.8,63,61,34.3,0.453,0.202,0.779,4.6,4.5,1.3,0.5,16.5,65,61,31,0.478,0.338,0.775,4.4,3.5,1.4,0.4,15.2,Yes,0,0
Stephen Curry,2009,7,PG,80,77,36.2,0.462,0.437,0.885,4.5,5.9,1.9,0.2,17.5,74,74,33.6,0.48,0.442,0.934,3.9,5.8,1.5,0.3,18.6,26,23,28.1,0.49,0.455,0.809,3.4,5.3,1.5,0.3,14.7,78,78,38.2,0.451,0.453,0.9,4,6.9,1.6,0.2,22.9,Yes,0,11
DeMar DeRozan,2009,9,SG,77,65,21.6,0.498,0.25,0.763,2.9,0.7,0.6,0.2,8.6,82,82,34.8,0.467,0.096,0.813,3.8,1.8,1,0.4,17.2,63,63,35,0.422,0.261,0.81,3.3,2,0.8,0.3,16.7,82,82,36.7,0.445,0.283,0.831,3.9,2.5,0.9,0.3,18.1,Yes,0,6
Tyler Hansbrough,2009,13,PF,29,1,17.6,0.36,0,0.743,4.8,1,0.6,0.3,8.5,70,29,21.9,0.465,0,0.779,5.2,0.6,0.5,0.2,11,66,0,21.8,0.405,0,0.813,4.4,0.5,0.8,0.1,9.3,81,8,16.9,0.432,0,0.72,4.6,0.4,0.4,0.2,7,No,0,0
Jrue Holiday,2009,17,PG,73,51,24.2,0.442,0.39,0.756,2.6,3.8,1.1,0.2,8,82,82,35.4,0.446,0.365,0.823,4,6.5,1.5,0.4,14,65,65,33.8,0.432,0.38,0.783,3.3,4.5,1.6,0.3,13.5,78,78,37.5,0.431,0.368,0.752,4.2,8,1.6,0.4,17.7,Yes,0,0
Jeff Teague,2009,19,PG,71,3,10.1,0.396,0.219,0.837,0.9,1.7,0.5,0.2,3.2,70,7,13.8,0.438,0.375,0.794,1.5,2,0.6,0.4,5.2,66,66,33.1,0.476,0.342,0.757,2.4,4.9,1.6,0.6,12.6,80,78,32.9,0.451,0.359,0.881,2.3,7.2,1.5,0.4,14.6,No,0,1
Darren Collison,2009,21,PG,76,37,27.8,0.477,0.4,0.851,2.5,5.7,1,0.1,12.4,79,79,29.9,0.457,0.331,0.871,2.8,5.1,1.1,0.2,13.2,60,56,31.3,0.44,0.362,0.83,3.1,4.8,0.8,0.2,10.3,81,47,29.3,0.471,0.353,0.88,2.7,5.1,1.2,0.1,12,No,0,0
DeMarre Carroll,2009,27,SF,71,1,11.2,0.396,0,0.623,2.1,0.5,0.4,0.1,2.9,7,0,5.6,0.444,0,1,1.1,0.3,0.1,0.1,1.4,5,0,2.2,0,0,0,0,0.4,0,0,0,4,0,5.3,1,0,0,0.8,0.8,0,0,3,Yes,0,0
Jeff Pendergraph,2009,31,PF,39,4,10.4,0.662,0,0.9,2.5,0,0.2,0.4,2.7,20,1,5.3,0.417,0,0.571,1.6,0.2,0.2,0.1,1.7,37,0,10,0.484,0.5,0.913,2.8,0.4,0.2,0.3,3.9,73,10,13,0.58,0,0.691,3.5,0.8,0.2,0.3,3.3,Yes,0,0
Derrick Brown,2009,40,SF,57,0,9.4,0.463,0.286,0.667,1.4,0.3,0.4,0.2,3.3,41,1,11.9,0.549,0.333,0.532,2,0.7,0.4,0.2,3.7,8,0,11,0.667,0.75,0.538,1.9,0.5,0.5,0.3,4.3,65,17,22.2,0.518,0.25,0.667,3.6,1,0.7,0.2,8.1,No,0,0
Danny Green,2009,46,SF,20,0,5.8,0.385,0.273,0.667,0.9,0.3,0.3,0.2,2,8,0,11.5,0.486,0.368,0,1.9,0.3,0.3,0.1,5.1,66,38,23.1,0.442,0.436,0.79,3.5,1.3,0.9,0.7,9.1,80,80,27.5,0.448,0.429,0.848,3.1,1.8,1.2,0.7,10.5,No,0,0
John Wall,2010,1,PG,69,64,37.8,0.409,0.296,0.766,4.6,8.3,1.8,0.5,16.4,66,66,36.2,0.423,0.071,0.789,4.5,8,1.4,0.9,16.3,49,42,32.7,0.441,0.267,0.804,4,7.6,1.3,0.8,18.5,82,82,36.3,0.433,0.351,0.805,4.1,8.8,1.8,0.5,19.3,No,1,5
DeMarcus Cousins,2010,5,C,81,62,28.5,0.43,0.167,0.687,8.6,2.5,1,0.8,14.1,64,62,30.5,0.448,0.143,0.702,11,1.6,1.5,1.2,18.1,75,74,30.5,0.465,0.182,0.738,9.9,2.7,1.4,0.7,17.1,71,71,32.4,0.496,0,0.726,11.7,2.9,1.5,1.3,22.7,No,0,4
Gordon Hayward,2010,9,SF,72,17,16.9,0.485,0.473,0.711,1.9,1.1,0.4,0.3,5.4,66,58,30.5,0.456,0.346,0.832,3.5,3.1,0.8,0.6,11.8,72,27,29.2,0.435,0.415,0.827,3.1,3,0.8,0.5,14.1,77,77,36.4,0.413,0.304,0.816,5.1,5.2,1.4,0.5,16.2,Yes,0,1
Paul George,2010,10,SF,61,19,20.7,0.453,0.297,0.762,3.7,1.1,1,0.4,7.8,66,66,29.7,0.44,0.385,0.802,5.6,2.4,1.6,0.6,12.1,79,79,37.6,0.419,0.362,0.807,7.6,4.1,1.8,0.6,17.4,80,80,36.2,0.424,0.364,0.864,6.8,3.5,1.9,0.3,21.7,Yes,2,9
Luke Babbitt,2010,16,SF,24,0,5.7,0.273,0.188,0.333,1.3,0.3,0.1,0.1,1.5,40,4,13.4,0.41,0.43,0.85,2.4,0.4,0.3,0.1,5.1,62,0,11.8,0.368,0.348,0.769,2.2,0.5,0.2,0.1,3.9,27,2,17.5,0.39,0.379,0.778,3.3,1.1,0.3,0.4,6.3,Yes,0,0
Trevor Booker,2010,23,PF,65,14,16.4,0.549,0,0.673,3.9,0.5,0.4,0.6,5.3,50,32,25.2,0.531,0.5,0.602,6.5,0.8,1,0.9,8.4,48,14,18.5,0.491,0,0.556,5,0.8,0.7,0.3,5.3,72,45,21.6,0.551,0,0.618,5.3,0.9,0.6,0.6,6.8,No,0,0
Jordan Crawford,2010,27,SG,16,0,10,0.351,0.333,0.667,1.8,0.9,0.2,0,4.2,26,18,33.3,0.39,0.238,0.885,3,3.9,1.4,0.1,16.3,64,32,27.4,0.4,0.289,0.793,2.6,3,0.9,0.1,14.7,43,12,26.2,0.415,0.345,0.821,3.1,3.7,0.6,0.1,13.2,Yes,0,0
Hassan Whiteside,2010,33,C,1,0,2,0,0,0,0,0,0,0,0,18,0,6.1,0.444,0,0.417,2.2,0,0.2,0.8,1.6,48,32,23.8,0.628,0,0.5,10,0.1,0.6,2.6,11.8,73,43,29.1,0.606,0,0.65,11.8,0.4,0.6,3.7,14.2,No,0,0
Nemanja Bjelica,2010,35,PF,60,0,17.9,0.468,0.384,0.727,3.5,1.4,0.4,0.4,5.1,65,1,18.3,0.424,0.316,0.738,3.8,1.2,0.6,0.3,6.2,67,21,20.5,0.461,0.415,0.8,4.1,1.3,0.7,0.2,6.8,77,70,23.2,0.479,0.401,0.761,5.8,1.9,0.7,0.7,9.6,No,0,0
Landry Fields,2010,39,SG,82,81,31,0.497,0.393,0.769,6.4,1.9,1,0.2,9.7,66,62,28.7,0.46,0.256,0.562,4.2,2.6,1.2,0.3,8.8,51,22,20.3,0.457,0.143,0.642,4.1,1.2,0.6,0.2,4.7,30,2,10.7,0.403,0,0.636,2,0.7,0.3,0.1,2.3,No,0,0
Lance Stephenson,2010,40,SG,12,0,9.6,0.333,0,0.786,1.5,1.8,0.3,0,3.1,42,1,10.5,0.376,0.133,0.471,1.3,1.1,0.5,0.1,2.5,78,72,29.2,0.46,0.33,0.652,3.9,2.9,1,0.2,8.8,78,78,35.3,0.491,0.352,0.711,7.2,4.6,0.7,0.1,13.8,Yes,0,0
Jarvis Varnado,2010,41,PF,5,0,3.6,0.5,0,0.5,0.6,0.2,0.2,0,1.2,8,0,5,0.333,0,0,0.8,0.3,0,0.3,0.3,1,0,2,0,0,0,0,0,0,0,0,23,0,14.7,0.6,0,0.519,2.7,0.6,0.4,1.3,4.3,Yes,0,0
Jeremy Evans,2010,55,PF,49,3,9.4,0.661,0,0.703,2,0.5,0.3,0.3,3.6,29,0,7.5,0.643,0,0.5,1.7,0.4,0.2,0.8,2.1,37,0,5.8,0.614,0,0.636,1.6,0.3,0.2,0.4,2,66,4,18.3,0.527,0,0.68,4.7,0.7,0.6,0.7,6.1,Yes,0,0
Kyrie Irving,2011,1,PG,51,51,30.5,0.469,0.399,0.872,3.7,5.4,1.1,0.4,18.5,59,59,34.7,0.452,0.391,0.855,3.7,5.9,1.5,0.4,22.5,71,71,35.2,0.43,0.358,0.861,3.6,6.1,1.5,0.3,20.8,75,75,36.4,0.468,0.415,0.863,3.2,5.2,1.5,0.3,21.7,Yes,2,9
Tristan Thompson,2011,4,C/PF,60,25,23.7,0.439,0,0.552,6.5,0.5,0.5,1,8.2,82,82,31.3,0.488,0,0.608,9.4,1.3,0.7,0.9,11.7,82,82,31.6,0.477,0,0.693,9.2,0.9,0.5,0.4,11.7,82,15,26.8,0.547,0,0.641,8,0.5,0.4,0.7,8.5,Yes,0,0
Jonas Valančiūnas,2011,5,C,62,57,23.9,0.557,0,0.789,6,0.7,0.3,1.3,8.9,81,81,28.2,0.531,0,0.762,8.8,0.7,0.3,0.9,11.3,80,80,26.2,0.572,0,0.786,8.7,0.5,0.4,1.2,12,60,59,25.9,0.565,0,0.761,9.1,0.7,0.4,1.3,12.8,Yes,0,0
Bismack Biyombo,2011,7,C,63,41,23.1,0.464,0,0.483,5.8,0.4,0.3,1.8,5.2,80,65,27.3,0.451,0,0.521,7.3,0.4,0.4,1.8,4.8,77,9,13.9,0.611,0,0.517,4.8,0.1,0.1,1.1,2.9,64,21,19.4,0.543,0,0.583,6.4,0.3,0.3,1.5,4.8,No,0,0
Kemba Walker,2011,9,PG,66,25,27.2,0.366,0.305,0.789,3.5,4.4,0.9,0.3,12.1,82,82,34.9,0.423,0.322,0.798,3.5,5.7,2,0.4,17.7,73,73,35.8,0.393,0.333,0.837,4.2,6.1,1.2,0.4,17.7,62,58,34.2,0.385,0.304,0.827,3.5,5.1,1.4,0.5,17.3,No,0,4
Klay Thompson,2011,11,SG,66,29,24.4,0.443,0.414,0.868,2.4,2,0.7,0.3,12.5,82,82,35.8,0.422,0.401,0.841,3.8,2.2,1,0.5,16.6,81,81,35.4,0.444,0.417,0.795,3.1,2.2,0.9,0.5,18.4,77,77,31.9,0.463,0.439,0.879,3.2,2.9,1.1,0.8,21.7,Yes,1,5
Alec Burks,2011,12,SG,59,0,15.9,0.429,0.333,0.727,2.2,0.9,0.5,0.1,7.2,64,0,17.8,0.42,0.359,0.713,2.3,1.4,0.5,0.2,7,78,12,28.1,0.457,0.35,0.748,3.3,2.7,0.9,0.2,14,27,27,33.3,0.403,0.382,0.822,4.2,3,0.6,0.2,13.9,No,0,0
Markieff Morris,2011,13,PF,63,7,19.5,0.399,0.347,0.717,4.4,1,0.7,0.7,7.4,82,32,22.4,0.407,0.336,0.732,4.8,1.3,0.9,0.8,8.2,81,0,26.6,0.486,0.315,0.792,6,1.8,0.8,0.6,13.8,82,82,31.5,0.465,0.318,0.763,6.2,2.3,1.2,0.5,15.3,Yes,0,0
Kawhi Leonard,2011,15,SF,64,39,24,0.493,0.376,0.773,5.1,1.1,1.3,0.4,7.9,58,57,31.2,0.494,0.374,0.825,6,1.6,1.7,0.6,11.9,66,65,29.1,0.522,0.379,0.802,6.2,2,1.7,0.8,12.8,64,64,31.8,0.479,0.349,0.802,7.2,2.5,2.3,0.8,16.5,Yes,0,6
Nikola Vučević,2011,16,C,51,15,15.9,0.45,0.375,0.529,4.8,0.6,0.4,0.7,5.5,77,77,33.2,0.519,0,0.683,11.9,1.9,0.8,1,13.1,57,57,31.8,0.507,0,0.766,11,1.8,1.1,0.8,14.2,74,74,34.2,0.523,0.333,0.752,10.9,2,0.7,0.7,19.3,Yes,0,2
Iman Shumpert,2011,17,SG,59,35,28.9,0.401,0.306,0.798,3.2,2.8,1.7,0.1,9.5,45,45,22.1,0.396,0.402,0.766,3,1.7,1,0.2,6.8,74,58,26.5,0.378,0.333,0.746,4.2,1.7,1.2,0.2,6.7,24,24,26,0.409,0.348,0.676,3.4,3.3,1.3,0.1,9.3,No,0,0
Tobias Harris,2011,19,SF,42,9,11.4,0.467,0.261,0.815,2.4,0.5,0.3,0.2,5,28,14,11.6,0.461,0.333,0.885,2,0.5,0.3,0.3,4.9,61,36,30.3,0.464,0.254,0.807,7,1.3,0.7,0.4,14.6,68,63,34.8,0.466,0.364,0.788,6.3,1.8,1,0.5,17.1,Yes,0,0
Donatas Motiejūnas,2011,20,PF,44,14,12.2,0.455,0.289,0.627,2.1,0.7,0.2,0.2,5.7,62,3,15.4,0.443,0.25,0.604,3.6,0.5,0.3,0.3,5.5,71,62,28.7,0.504,0.368,0.602,5.9,1.8,0.8,0.5,12,37,22,14.8,0.439,0.281,0.642,2.9,1.1,0.5,0.1,6.2,No,0,0
Kenneth Faried,2011,22,PF,46,39,22.5,0.586,0,0.665,7.7,0.8,0.7,1,10.2,80,80,28.1,0.552,0,0.613,9.2,1,1,1,11.5,80,77,27.2,0.545,0,0.65,8.6,1.2,0.9,0.9,13.7,75,71,27.8,0.507,0.125,0.691,8.9,1.2,0.8,0.8,12.6,No,0,0
Nikola Mirotić,2011,23,PF,82,3,20.2,0.405,0.316,0.803,4.9,1.2,0.7,0.7,10.2,66,38,24.9,0.407,0.39,0.807,5.5,1.5,0.9,0.7,11.8,70,15,24,0.413,0.342,0.773,5.5,1.1,0.8,0.8,10.6,25,3,24.9,0.474,0.429,0.823,6.4,1.6,0.6,0.5,16.8,No,0,0
Reggie Jackson,2011,24,PG,45,0,11.1,0.321,0.21,0.862,1.2,1.6,0.6,0,3.1,70,0,14.2,0.458,0.231,0.839,2.4,1.7,0.4,0.2,5.3,80,36,28.5,0.44,0.339,0.893,3.9,4.1,1.1,0.1,13.1,50,13,28,0.432,0.278,0.861,4,4.3,0.8,0.1,12.8,Yes,0,0
MarShon Brooks,2011,25,SG,56,47,29.4,0.428,0.313,0.764,3.6,2.3,0.9,0.3,12.6,73,2,12.5,0.463,0.273,0.734,1.4,1,0.5,0.2,5.4,10,0,7.3,0.375,0.5,0.786,1.9,0.4,0.1,0.1,3.1,7,0,2.1,0.385,0,0.75,0.7,0,0.1,0,1.9,No,0,0
Jordan Hamilton,2011,26,SG,26,2,9.9,0.432,0.362,0.4,2.4,0.8,0.2,0.1,4.4,40,1,9.9,0.418,0.37,0.5,2.4,0.6,0.4,0.2,5.2,39,11,17.2,0.39,0.349,0.742,3.4,0.9,0.8,0.3,6.8,21,1,16.6,0.393,0.362,0.85,2.9,0.9,0.6,0.3,6.6,No,0,0
Norris Cole,2011,28,PG,65,2,19.4,0.393,0.276,0.776,1.4,2,0.7,0,6.8,80,4,19.9,0.421,0.357,0.65,1.6,2.1,0.7,0.1,5.6,82,6,24.6,0.414,0.345,0.779,2,3,0.9,0.1,6.4,47,23,24.4,0.386,0.265,0.696,2.3,3.5,0.9,0.2,6.3,No,0,0
Cory Joseph,2011,29,PG,29,1,9.2,0.314,0.2,0.647,0.9,1.2,0.2,0.1,2,28,9,13.9,0.464,0.286,0.857,1.9,1.9,0.5,0.1,4.5,68,19,13.8,0.475,0.316,0.823,1.6,1.7,0.5,0.2,5,79,14,18.3,0.504,0.364,0.734,2.4,2.4,0.6,0.2,6.8,Yes,0,0
Jimmy Butler,2011,30,SF/SG,42,0,8.5,0.405,0.182,0.768,1.3,0.3,0.3,0.1,2.6,82,20,26,0.467,0.381,0.803,4,1.4,1,0.4,8.6,67,67,38.7,0.397,0.283,0.769,4.9,2.6,1.9,0.5,13.1,65,65,38.7,0.462,0.378,0.834,5.8,3.3,1.8,0.6,20,Yes,1,6
Bojan Bogdanović,2011,31,SF/PF,78,28,23.8,0.453,0.355,0.821,2.7,0.9,0.4,0.1,9,79,39,26.8,0.433,0.382,0.833,3.2,1.3,0.4,0.1,11.2,55,54,27,0.44,0.355,0.874,3.6,1.6,0.4,0.1,14.2,26,0,23.1,0.457,0.391,0.934,3.1,0.8,0.4,0.2,12.7,Yes,0,0
Kyle Singler,2011,33,SF,82,74,28,0.428,0.35,0.806,4,0.9,0.7,0.5,8.8,82,36,28.5,0.447,0.382,0.826,3.7,0.9,0.7,0.5,9.6,54,40,23.8,0.4,0.406,0.806,2.6,1.2,0.6,0.3,7.1,26,18,17.5,0.333,0.37,0.688,2.1,0.7,0.5,0.3,3.7,No,0,0
Isaiah Thomas,2011,60,PG,65,37,25.5,0.448,0.379,0.832,2.6,4.1,0.8,0.1,11.5,79,62,26.9,0.44,0.358,0.882,2,4,0.8,0,13.9,72,54,34.7,0.453,0.349,0.85,2.9,6.3,1.3,0.1,20.3,46,1,25.7,0.426,0.391,0.872,2.4,3.7,1,0.1,15.2,Yes,0,2
Anthony Davis,2012,1,PF/C,64,60,28.8,0.516,0,0.751,8.2,1,1.2,1.8,13.5,67,66,35.2,0.519,0.222,0.791,10,1.6,1.3,2.8,20.8,68,68,36.1,0.535,0.083,0.805,10.2,2.2,1.5,2.9,24.4,61,61,35.5,0.493,0.324,0.758,10.3,1.9,1.3,2,24.3,Yes,2,10
Bradley Beal,2012,3,SG,56,46,31.2,0.41,0.386,0.786,3.8,2.4,0.9,0.5,13.9,73,73,34.7,0.419,0.402,0.788,3.7,3.3,1,0.2,17.1,63,59,33.5,0.427,0.409,0.783,3.8,3.1,1.2,0.3,15.3,55,35,31.1,0.449,0.387,0.767,3.4,2.9,1,0.2,17.4,Yes,0,3
Damian Lillard,2012,6,PG,82,82,38.6,0.429,0.368,0.844,3.1,6.5,0.9,0.2,19,82,82,35.8,0.424,0.394,0.871,3.5,5.6,0.8,0.3,20.7,82,82,35.7,0.434,0.343,0.864,4.6,6.2,1.2,0.3,21,75,75,35.7,0.419,0.375,0.892,4,6.8,0.9,0.4,25.1,Yes,2,9
Andre Drummond,2012,9,C,60,10,20.7,0.608,0.5,0.371,7.6,0.5,1,1.6,7.9,81,81,32.3,0.623,0,0.418,13.2,0.4,1.2,1.6,13.5,82,82,30.5,0.514,0,0.389,13.5,0.7,0.9,1.9,13.8,81,81,32.9,0.521,0.333,0.355,14.8,0.8,1.5,1.4,16.2,Yes,1,2
John Henson,2012,14,PF,63,9,13.1,0.482,0,0.533,4.7,0.5,0.3,0.7,6,70,23,26.5,0.538,0,0.514,7.1,1.6,0.6,1.7,11.1,67,11,18.3,0.566,0,0.569,4.7,0.9,0.4,2,7,57,1,16.8,0.564,0,0.59,3.9,0.9,0.3,1.9,7,No,0,0
Evan Fournier,2012,20,SG,38,4,11.3,0.493,0.407,0.769,0.9,1.2,0.5,0,5.3,76,4,19.8,0.419,0.376,0.756,2.7,1.5,0.4,0.1,8.4,58,32,28.6,0.44,0.378,0.728,2.6,2.1,0.7,0,12,79,71,32.5,0.462,0.4,0.836,2.8,2.7,1.2,0,15.4,Yes,0,0
Miles Plumlee,2012,26,C,14,0,3.9,0.238,0,0.75,1.6,0.1,0,0.2,0.9,80,79,24.6,0.517,0,0.561,7.8,0.5,0.6,1.1,8.1,54,28,18.6,0.549,0,0.5,5.1,0.5,0.6,1,4.3,19,0,9.9,0.492,0,0.375,2.4,0.4,0.3,0.6,3.2,No,0,0
Tomáš Satoranský,2012,32,PG,57,3,12.6,0.418,0.243,0.697,1.5,1.6,0.5,0.1,2.7,73,30,22.5,0.523,0.465,0.781,3.2,3.9,0.7,0.2,7.2,80,54,27.1,0.485,0.395,0.819,3.5,5,1,0.2,8.9,65,64,28.9,0.43,0.322,0.876,3.9,5.4,1.2,0.1,9.9,Yes,0,0
Draymond Green,2012,35,PF,79,1,13.4,0.327,0.209,0.818,3.3,0.7,0.5,0.3,2.9,82,12,21.9,0.407,0.333,0.667,5,1.9,1.2,0.9,6.2,79,79,31.5,0.443,0.337,0.66,8.2,3.7,1.6,1.3,11.7,81,81,34.7,0.49,0.388,0.696,9.5,7.4,1.5,1.4,14,Yes,1,4
Khris Middleton,2012,39,SF,27,0,17.6,0.44,0.311,0.844,1.9,1,0.6,0.1,6.1,82,64,30,0.44,0.414,0.861,3.8,2.1,1,0.2,12.1,79,58,30.1,0.467,0.407,0.859,4.4,2.3,1.5,0.1,13.4,79,79,36.1,0.444,0.396,0.888,3.8,4.2,1.7,0.2,18.2,Yes,0,3
Mike Scott,2012,43,PF,40,1,9.4,0.476,0,0.768,2.8,0.3,0.1,0.1,4.6,80,6,18.5,0.479,0.31,0.78,3.6,0.9,0.4,0.1,9.6,68,0,16.5,0.444,0.344,0.792,2.9,1.1,0.4,0,7.8,75,0,15.3,0.468,0.392,0.794,2.7,1,0.3,0.2,6.2,Yes,0,0
Kyle O'Quinn,2012,49,PF,57,5,11.2,0.513,0,0.668,3.7,0.9,0.2,0.5,4.1,69,19,17.2,0.501,0,0.687,5.3,1.1,0.6,1.3,6.2,53,17,16.2,0.492,0.279,0.772,3.9,1.2,0.6,0.8,5.8,65,1,16.2,0.476,0.227,0.767,3.8,1.1,0.3,0.8,4.8,Yes,0,0
Robert Sacre,2012,60,C,32,3,6.3,0.375,0,0.636,1.1,0.2,0,0.3,1.3,65,13,16.8,0.477,0,0.681,3.9,0.8,0.4,0.7,5.4,67,18,16.9,0.412,0,0.671,3.5,0.8,0.4,0.6,4.6,25,1,12.8,0.413,0,0.658,2.9,0.6,0.2,0.4,3.5,No,0,0
Victor Oladipo,2013,2,SG/PG,80,44,31.1,0.419,0.327,0.78,4.1,4.1,1.6,0.5,13.8,72,71,35.7,0.436,0.339,0.819,4.2,4.1,1.7,0.3,17.9,72,52,33,0.438,0.348,0.83,4.8,3.9,1.6,0.8,16,67,67,33.2,0.442,0.361,0.753,4.3,2.6,1.2,0.3,15.9,Yes,0,2
Ben McLemore,2013,7,SG,82,55,26.7,0.376,0.32,0.804,2.9,1,0.5,0.2,8.8,82,82,32.6,0.437,0.358,0.813,2.9,1.7,0.9,0.2,12.1,68,53,21.2,0.429,0.362,0.718,2.2,1.2,0.8,0.1,7.8,61,26,19.3,0.43,0.382,0.753,2.1,0.8,0.5,0.1,8.1,Yes,0,0
Michael Carter-Williams,2013,11,PG,70,70,34.5,0.405,0.264,0.703,6.2,6.3,1.9,0.6,16.7,41,38,33.9,0.38,0.256,0.643,6.2,7.4,1.5,0.4,15,25,25,30.3,0.429,0.143,0.78,4,5.6,2,0.5,14.1,54,37,30.5,0.452,0.273,0.654,5.1,5.2,1.5,0.8,11.5,No,0,0
Giannis Antetokounmpo,2013,15,PF,77,23,24.6,0.414,0.347,0.683,4.4,1.9,0.8,0.8,6.8,81,71,31.4,0.491,0.159,0.741,6.7,2.6,0.9,1,12.7,80,79,35.3,0.506,0.257,0.724,7.7,4.3,1.2,1.4,16.9,80,80,35.6,0.522,0.272,0.77,8.7,5.4,1.6,1.9,22.9,Yes,1,9
Dennis Schröder,2013,17,PG,49,0,13.1,0.383,0.238,0.674,1.2,1.9,0.3,0,3.7,77,10,19.7,0.427,0.351,0.827,2.1,4.1,0.6,0.1,10,80,6,20.3,0.421,0.322,0.791,2.6,4.4,0.9,0.1,11,79,78,31.5,0.451,0.34,0.855,3.1,6.3,0.9,0.2,17.9,Yes,0,0
Gorgui Dieng,2013,21,C,60,15,13.6,0.498,1,0.634,5,0.7,0.5,0.8,4.8,73,49,30,0.506,0.167,0.783,8.3,2,1,1.7,9.7,82,39,27.1,0.532,0.3,0.827,7.1,1.7,1.1,1.2,10.1,82,82,32.4,0.502,0.372,0.814,7.9,1.9,1.1,1.2,10,No,0,0
Rudy Gobert,2013,27,C,45,0,9.6,0.486,0,0.492,3.4,0.2,0.2,0.9,2.3,82,37,26.3,0.604,0,0.623,9.5,1.3,0.8,2.3,8.4,61,60,31.7,0.559,0,0.569,11,1.5,0.7,2.2,9.1,81,81,33.9,0.661,0,0.653,12.8,1.2,0.6,2.6,14,Yes,0,3
Jeff Withey,2013,39,C,58,4,11.8,0.535,0,0.712,2.6,0.4,0.3,0.9,3.3,37,0,7,0.5,0,0.68,1.7,0.3,0.1,0.5,2.6,51,10,12.9,0.537,0,0.729,3.4,0.4,0.4,1,4.3,51,1,8.5,0.534,0,0.75,2.4,0.1,0.3,0.6,2.9,Yes,0,0
Ryan Kelly,2013,48,PF,59,25,22.2,0.423,0.338,0.815,3.7,1.6,0.5,0.8,8,54,32,23.7,0.337,0.336,0.832,2.8,1.8,0.6,0.5,6.4,36,0,13.1,0.369,0.135,0.685,3.4,0.6,0.4,0.3,4.2,9,0,5.2,0.3,0.4,1,1.1,0.6,0.4,0.2,1.1,Yes,0,0
Lorenzo Brown,2013,52,PG,26,0,8.6,0.302,0.1,0.692,1.1,1.6,0.5,0.1,2.5,29,7,18.9,0.426,0.214,0.632,2.4,3.1,1,0.2,4.2,8,0,7.6,0.32,0.125,0.75,0.9,1.4,0.4,0.1,2.5,14,0,9.9,0.412,0.167,1,1.1,0.9,0.4,0,2.3,Yes,0,0
Andrew Wiggins,2014,1,SF/SG,82,82,36.2,0.437,0.31,0.76,4.6,2.1,1,0.6,16.9,81,81,35.1,0.459,0.3,0.761,3.6,2,1,0.6,20.7,82,82,37.2,0.452,0.356,0.76,4,2.3,1,0.4,23.6,82,82,36.3,0.438,0.331,0.643,4.4,2,1.1,0.6,17.7,Yes,0,1
Jabari Parker,2014,2,SF/PF,25,25,29.5,0.49,0.25,0.697,5.5,1.7,1.2,0.2,12.3,76,72,31.7,0.493,0.257,0.768,5.5,1.7,0.9,0.4,14.1,51,50,33.9,0.49,0.365,0.743,6.2,2.8,1,0.4,20.1,31,3,24,0.482,0.383,0.741,4.9,1.9,0.8,0.3,12.6,No,0,0
Joel Embiid,2014,3,C,31,31,25.4,0.466,0.367,0.783,7.8,2.1,0.9,2.5,20.2,63,63,30.4,0.483,0.308,0.769,11,3.2,0.6,1.8,22.9,64,64,33.7,0.484,0.3,0.804,13.6,3.7,0.7,1.9,27.5,51,51,29.5,0.477,0.331,0.807,11.6,3,0.9,1.3,23,Yes,3,7
Aaron Gordon,2014,4,PF,47,8,17,0.447,0.271,0.721,3.6,0.7,0.4,0.5,5.2,8,37,23.9,0.473,0.296,0.668,6.5,1.6,0.8,0.7,9.2,80,72,28.7,0.454,0.288,0.719,5.1,1.9,0.8,0.5,12.7,58,57,32.9,0.434,0.336,0.698,7.9,2.3,1,0.8,17.6,Yes,0,0
Danté Exum,2014,5,PG/SG,82,41,22.2,0.349,0.314,0.625,1.6,2.4,0.5,0.2,4.8,66,26,18.6,0.427,0.295,0.795,2,1.7,0.3,0.2,6.2,14,0,16.8,0.483,0.278,0.806,1.9,3.1,0.6,0.2,8.1,42,1,15.8,0.419,0.29,0.791,1.6,2.6,0.3,0.1,6.9,Yes,0,0
Marcus Smart,2014,6,SG/PG,67,38,27,0.367,0.335,0.646,3.3,3.1,1.5,0.3,7.8,61,10,27.3,0.348,0.253,0.777,4.2,3,1.5,0.3,9,79,24,30.4,0.359,0.284,0.812,3.9,4.6,1.6,0.4,10.6,54,11,29.9,0.367,0.301,0.729,3.5,4.8,1.3,0.4,10.2,No,0,0
Julius Randle,2014,7,PF,1,0,13.6,0.333,0,0,0,0,0,0,2,81,60,28.2,0.429,0.278,0.715,10.2,1.8,0.7,0.4,11.3,74,73,28.8,0.488,0.27,0.723,8.6,3.6,0.7,0.5,13.2,82,49,26.7,0.558,0.222,0.718,8,2.6,0.5,0.5,16.1,Yes,0,3
Elfrid Payton,2014,10,PG,82,63,30.3,0.425,0.262,0.551,4.3,6.5,1.7,0.2,8.9,73,69,29.4,0.436,0.326,0.589,3.6,6.4,1.2,0.3,10.7,82,58,29.4,0.471,0.274,0.692,4.7,6.5,1.1,0.5,12.8,44,44,28.6,0.52,0.373,0.632,4,6.3,1.5,0.4,13,Yes,0,0
Zach LaVine,2014,13,SG,77,40,24.7,0.422,0.341,842,2.8,3.6,0.7,0.1,10.1,82,33,28,0.452,0.389,0.793,2.8,3.1,0.8,0.2,14,47,47,37.2,0.459,0.387,0.836,3.4,3,0.9,0.2,18.9,24,24,27.3,0.383,0.341,0.813,3.9,3,1,0.2,16.7,Yes,0,2
T. J. Warren,2014,14,SF,40,1,15.4,0.528,0.238,0.737,2.1,0.6,0.5,0.2,6.1,47,4,22.8,0.501,0.4,0.703,3.1,0.9,0.8,0.3,11,66,59,31,0.495,0.263,0.773,5.1,1.1,1.2,0.6,14.4,65,65,33,0.498,0.222,0.757,5.1,1.3,1,0.6,19.6,Yes,0,0
Adreian Payne,2014,15,PF,3,0,6.3,0.286,0,0.5,1.3,0,0.3,0,1.7,29,22,24.8,0.418,0.125,0.659,5.4,1,0.6,0.3,7.2,52,2,9.3,0.366,0.281,0.654,2.1,0.6,0.3,0.2,2.5,18,0,7.5,0.426,0.2,0.737,1.8,0.4,0.4,0.4,3.5,No,0,0
Jusuf Nurkić,2014,16,C,62,27,17.8,0.446,0,0.636,6.2,0.8,0.8,1.1,6.9,32,3,17.1,0.417,0,0.616,5.5,1.3,0.8,1.4,8.2,45,29,17.9,0.507,0,0.496,5.8,1.3,0.6,0.8,8,20,19,29.2,0.508,0,0.66,10.4,3.2,1.3,1.9,15.2,No,0,0
James Young,2014,17,SG/SF,31,0,10.7,0.353,0.258,0.552,1.4,0.4,0.3,0.1,3.4,29,0,6.9,0.306,0.231,0.25,0.9,0.3,0.2,0,1,29,0,7.6,0.431,0.343,0.667,0.9,0.1,0.3,0.1,2.3,6,0,10.2,0.357,0.3,0.667,0.3,0.3,0,0,2.8,No,0,0
Gary Harris,2014,19,SG,55,6,13.1,0.304,0.204,0.745,1.2,0.5,0.7,0.1,3.4,76,76,32.1,0.469,0.354,0.82,2.9,1.9,1.3,0.2,12.3,57,56,31.3,0.503,0.42,0.776,3.1,2.9,1.2,0.1,14.9,67,65,34.4,0.485,0.396,0.827,2.6,2.9,1.8,0.2,17.5,Yes,0,0
Rodney Hood,2014,23,SG,50,21,21.3,0.414,0.365,0.763,2.3,1.7,0.6,0.2,8.7,79,79,32.2,0.42,0.359,0.86,3.4,2.7,0.9,0.2,14.5,59,55,27,0.408,0.371,0.783,3.4,1.6,0.6,0.2,12.7,39,12,27.8,0.424,0.389,0.876,2.8,1.7,0.8,0.2,16.8,No,0,0
Clint Capela,2014,25,C,12,0,7.5,0.483,0,0.174,3,0.2,0.1,0.8,2.7,77,35,19.1,0.582,0,0.379,6.4,0.6,0.8,1.2,7,65,59,23.9,0.643,0,0.531,8.1,1,0.5,1.2,12.6,74,74,27.5,0.652,0,0.56,10.8,0.9,0.8,1.9,13.9,Yes,0,0
Bogdan Bogdanović,2014,27,SG,78,52,27.9,0.446,0.392,0.84,2.9,3.3,0.9,0.2,11.8,70,17,27.8,0.418,0.36,0.827,3.5,3.8,1,0.2,14.1,61,28,28.9,0.44,0.372,0.741,3.4,3.4,1,0.2,15.1,44,27,29.7,0.473,0.438,0.909,3.6,3.3,1.1,0.3,16.4,Yes,0,0
Nikola Jokić,2014,41,C,80,55,21.7,0.512,0.333,0.811,7,2.4,1,0.6,10,73,59,27.9,0.577,0.324,0.825,9.8,4.9,0.8,0.8,16.7,75,73,32.6,0.5,0.396,0.85,10.7,6.1,1.2,0.8,18.5,80,80,31.3,0.511,0.307,0.821,10.8,7.3,1.4,0.7,20.1,Yes,1,7
Karl-Anthony Towns,2015,1,C,82,82,32,0.542,0.34,0.811,10.5,2,1.7,0.7,18.3,82,82,37,0.542,0.367,0.832,12.3,2.7,1.3,0.7,25.1,82,82,35.6,0.545,0.421,0.858,12.3,2.4,1.4,0.8,21.3,77,77,33,0.518,0.4,0.836,12.4,3.4,1.6,0.9,24.4,Yes,0,5
D'Angelo Russell,2015,2,PG,80,48,28.2,0.41,0.351,0.737,3.4,3.3,1.2,0.2,13.2,63,60,28.7,0.405,0.352,0.782,3.5,4.8,1.4,0.3,15.6,48,35,25.7,0.414,0.324,0.74,3.9,5.2,0.8,0.4,15.5,81,81,30.2,0.434,0.369,0.78,3.9,7,1.2,0.2,21.1,Yes,1,1
Kristaps Porziņģis,2015,4,PF/C,72,72,28.4,0.421,0.333,0.838,7.3,1.3,0.7,1.9,14.3,66,65,32.8,0.45,0.357,0.786,7.2,1.5,0.7,2,18.1,48,48,32.4,0.439,0.395,0.793,6.6,1.2,0.8,2.4,22.7,57,57,31.8,0.427,0.352,0.799,9.5,1.8,0.7,2,20.4,Yes,1,1
Devin Booker,2015,13,SG,76,51,27.7,0.423,0.343,0.84,2.5,2.6,0.6,0.3,13.8,78,78,35,0.423,0.363,0.832,3.2,3.4,0.9,0.3,22.1,54,54,34.5,0.432,0.383,0.878,4.5,4.7,0.9,0.3,24.9,64,64,35,0.467,0.326,0.866,4.1,6.8,0.9,0.2,26.6,Yes,0,4
Sam Dekker,2015,18,SF,3,0,2,0,0,0,0.3,0,0.3,0,0,77,2,18.4,0.473,0.321,0.559,3.7,1,0.5,0.3,6.5,73,1,12.1,0.494,0.167,0.661,2.4,0.5,0.3,0.1,4.2,9,5,18.8,0.458,0.385,0.8,3.7,1,1.2,0,6.3,Yes,0,0
Jarell Martin,2015,25,PF,27,0,14.1,0.466,0,0.726,3.2,0.6,0.3,0.3,5.7,42,3,13.3,0.384,0.36,0.8,3.9,0.2,0.4,0.2,3.9,73,36,22.8,0.446,0.347,0.767,4.4,1,0.5,0.7,7.7,42,1,7.8,0.413,0.351,0.818,1.7,0.4,0.1,0.2,2.7,Yes,0,0
Kevon Looney,2015,30,PF,5,0,4.1,0.571,0.5,0,2,0,0,0,1.8,53,4,8.4,0.523,0.222,0.618,2.3,0.5,0.3,0.3,2.5,66,4,13.8,0.58,0.2,0.545,3.3,0.6,0.5,0.8,4,80,24,18.5,0.625,0.1,0.619,5.2,1.5,0.6,0.7,6.3,Yes,0,0
Richaun Holmes,2015,37,SF/PF,51,1,13.8,0.514,0.182,0.689,2.6,0.6,0.4,0.8,5.6,57,17,20.9,0.558,0.351,0.699,5.5,1,0.7,1,9.8,48,2,15.5,0.56,0.129,0.661,4.4,1.3,0.4,0.6,6.5,70,4,16.9,0.608,0,0.731,4.7,0.9,0.6,1.1,8.2,Yes,0,0
Pat Connaughton,2015,41,SG,34,0,4.2,0.265,0.238,1,0.9,0.3,0.1,0,1.1,39,1,8.1,0.514,0.515,0.778,1.3,0.7,0.2,0.1,2.5,82,5,18.1,0.423,0.352,0.841,2,1.1,0.3,0.3,5.4,61,2,20.7,0.466,0.33,0.725,4.2,2,0.5,0.4,6.9,Yes,0,0
Andrew Harrison,2015,44,PG,72,18,20.5,0.325,0.276,0.763,1.9,2.8,0.7,0.3,5.9,56,46,23.7,0.422,0.331,0.78,2.3,3.2,0.7,0.5,9.5,1,0,5,0.5,0,0,0,0,0,0,2,10,0,14.4,0.308,0.214,1,1.5,1.7,0.4,0.2,4.3,Yes,0,0
Norman Powell,2015,46,SG,49,24,14.8,0.424,0.404,0.811,2.3,1,0.6,0.2,5.6,76,18,18,0.449,0.324,0.792,2.2,1.1,0.7,0.2,8.4,70,18,15.2,0.401,0.285,0.821,1.7,1.3,0.5,0.2,5.5,60,3,18.8,0.483,0.4,0.827,2.3,1.5,0.7,0.2,8.6,Yes,0,0
Ben Simmons,2016,1,PF/PG,81,81,33.7,0.545,0,0.56,8.1,8.2,1.7,0.9,15.8,79,79,34.2,0.563,0,0.6,8.8,7.7,1.4,0.8,16.9,57,57,35.4,0.58,0.286,0.621,7.8,8,2.1,0.6,16.4,58,58,32.4,0.557,0.3,0.613,7.2,6.9,1.6,0.6,14.3,Yes,3,3
Brandon Ingram,2016,2,SF,79,40,28.9,0.402,0.294,0.621,4,2.1,0.6,0.4,9.4,59,59,33.5,0.47,0.39,0.681,5.3,3.9,0.8,0.7,16.1,52,52,33.9,0.497,0.33,0.675,5.1,3,0.5,0.6,18.3,62,62,33.9,0.463,0.391,0.851,6.1,4.2,1,0.6,23.8,Yes,1,1
Jaylen Brown,2016,3,SF/SG,78,20,17.2,0.454,0.341,0.685,2.8,0.8,0.4,0.2,6.6,70,70,30.7,0.465,0.395,0.644,4.9,1.6,1,0.4,14.5,74,25,25.9,0.465,0.344,0.658,4.2,1.4,0.9,0.4,13,57,57,33.9,0.481,0.382,0.724,6.4,2.1,1.1,0.4,20.3,Yes,0,4
Jamal Murray,2016,7,PG/SG,82,9,21.5,0.404,0.334,0.883,2.6,2.1,0.6,0.3,9.9,81,80,31.7,0.451,0.378,0.905,3.7,3.4,1,0.3,16.7,75,74,32.6,0.437,0.367,0.848,4.2,4.8,0.9,0.4,18.2,59,59,32.3,0.456,0.346,0.881,4,4.8,1.1,0.3,18.5,Yes,0,0
Domantas Sabonis,2016,11,C/PF,81,66,20.1,0.399,0.321,0.657,3.6,1,0.5,0.4,5.9,74,19,24.5,0.514,0.351,0.75,7.7,2,0.5,0.4,11.6,74,5,24.8,0.59,0.529,0.715,9.3,2.9,0.6,0.4,14.1,62,62,34.8,0.54,0.254,0.723,12.4,5,0.8,0.5,18.5,Yes,1,3
Denzel Valentine,2016,14,SG/SF,57,0,17.1,0.354,0.351,0.778,2.6,1.1,0.5,0.1,5.1,77,37,27.2,0.417,0.386,0.745,5.1,3.2,0.8,0.1,10.2,36,5,13.6,0.409,0.336,0.75,2.1,1.2,0.7,0.2,6.8,62,3,16.7,0.373,0.331,0.941,3.2,1.7,0.5,0.1,6.5,Yes,0,0
Malik Beasley,2016,19,SG,22,1,7.5,0.452,0.321,0.8,0.8,0.5,0.3,0,3.8,62,0,9.4,0.41,0.341,0.667,1.1,0.5,0.2,0.1,3.2,81,18,23.2,0.474,0.402,0.848,2.5,1.2,0.7,0.1,11.3,41,0,18.2,0.389,0.36,0.868,1.9,1.2,0.8,0.1,7.9,Yes,0,0
Timothé Luwawu-Cabarrot,2016,24,SG/SF,68,19,17.2,0.402,0.311,0.854,2.2,1.1,0.5,0.1,6.4,52,7,15.5,0.375,0.335,0.793,1.4,1,0.2,0.1,5.8,21,1,5.9,0.302,0.227,0.667,0.9,0.2,0.2,0,1.7,47,2,18.1,0.435,0.388,0.852,2.7,0.6,0.4,0.1,7.8,Yes,0,0
Pascal Siakam,2016,27,PF,55,38,15.6,0.502,0.143,0.688,3.4,0.3,0.5,0.8,4.2,81,5,20.7,0.508,0.22,0.621,4.5,2,0.8,0.5,7.3,80,79,31.8,0.549,0.369,0.785,6.9,3.1,0.9,0.7,16.9,60,60,35.2,0.453,0.359,0.792,7.3,3.5,1,0.9,22.9,Yes,1,3
Dejounte Murray,2016,29,PG/SG,38,8,8.5,0.431,0.391,0.7,1.1,1.3,0.2,0.2,3.4,81,48,21.5,0.443,0.265,0.709,5.7,2.9,1.2,0.4,8.1,66,58,25.6,0.462,0.369,0.798,5.8,4.1,1.7,0.3,10.9,67,67,31.9,0.453,0.317,0.791,7.1,5.4,1.5,0.1,15.7,Yes,0,1
Patrick McCaw,2016,38,SG/SF,71,20,15.1,0.433,0.333,0.784,1.4,1.1,0.5,0.2,4,57,10,16.9,0.409,0.238,0.765,1.4,1.4,0.8,0.2,4,3,0,17.7,0.222,0.25,0,1,0.7,0.7,0,1.7,26,1,13.2,0.444,0.333,0.867,1.7,1,0.8,0.1,2.7,Yes,0,0
Jayson Tatum,2017,3,SF,80,80,30.5,0.475,0.434,0.826,5,1.6,1,0.7,13.9,79,79,31.1,0.45,0.373,0.855,6,2.1,1.1,0.7,15.7,66,66,34.3,0.45,0.403,0.812,7,3,1.4,0.9,23.4,64,64,35.8,0.459,0.386,0.868,7.4,4.3,1.2,0.5,26.4,Yes,2,6
De'Aaron Fox,2017,5,PG,73,61,27.7,0.412,0.307,0.726,2.8,4.4,1,0.3,11.6,81,81,31.4,0.458,0.371,0.727,3.8,7.3,1.6,0.6,17.3,51,49,32,0.48,0.292,0.705,3.8,6.8,1.5,0.5,21.1,58,58,35.1,0.477,0.322,0.719,3.5,7.2,1.5,0.5,25.2,Yes,0,1
Lauri Markkanen,2017,7,PF,68,68,29.7,0.434,0.362,0.843,7.5,1.2,0.6,0.6,15.2,52,51,32.3,0.43,0.361,0.872,9,1.4,0.7,0.6,18.7,50,50,29.8,0.425,0.344,0.824,6.3,1.5,0.8,0.5,14.7,51,26,25.8,0.48,0.402,0.826,5.3,0.9,0.5,0.3,13.6,Yes,0,1
Donovan Mitchell,2017,13,SG,79,71,33.4,0.437,0.34,0.805,3.7,3.7,1.5,0.3,20.5,77,77,33.7,0.432,0.362,0.806,4.1,4.2,1.4,0.4,23.8,69,69,34.3,0.449,0.366,0.863,4.4,4.3,1,0.2,24,53,53,33.4,0.438,0.386,0.845,4.4,5.2,1,0.3,26.4,Yes,2,6
Bam Adebayo,2017,14,PF/C,69,19,19.8,0.512,0,0.721,5.5,1.5,0.5,0.6,6.9,82,28,23.3,0.576,0.2,0.735,7.3,2.2,0.9,0.8,8.9,72,72,33.6,0.557,0.143,0.691,10.2,5.1,1.1,1.3,15.9,64,64,33.5,0.57,0.25,0.799,9,5.4,1.2,1,18.7,Yes,1,3
John Collins,2017,19,PF,74,26,24.1,0.576,0.34,0.715,7.3,1.3,0.6,1.1,10.5,61,59,30,0.56,0.348,0.763,9.8,2,0.4,0.6,19.5,41,41,33.2,0.583,0.401,0.8,10.1,1.5,0.8,1.6,21.6,63,63,29.3,0.556,0.399,0.833,7.4,1.2,0.5,1,17.6,Yes,0,0
Jarrett Allen,2017,22,C,72,31,20,0.589,0.333,0.776,5.4,0.7,0.4,1.2,8.2,80,80,26.2,0.59,0.133,0.709,8.4,1.4,0.5,1.5,10.9,70,64,26.5,0.649,0,0.633,9.6,1.6,0.6,1.3,11.1,63,45,30.3,0.609,0.316,0.69,9.9,1.7,0.5,1.4,13.2,Yes,0,1
O.G. Anunoby,2017,23,SF,74,62,20,0.471,0.371,0.629,2.5,0.7,2,0.7,5.9,67,6,20.2,0.453,0.332,0.581,2.9,0.7,0.3,0.7,7,69,68,29.9,0.505,0.39,0.706,5.3,1.6,0.7,1.4,10.6,43,43,33.3,0.48,0.398,0.784,5.5,2.2,0.7,1.5,15.9,Yes,0,0
Caleb Swanigan,2017,26,PF,27,3,7,0.4,0.125,0.667,2,0.5,0.2,0.1,2.3,18,0,8.1,0.318,0.2,0.857,2.9,0.4,0.2,0,1.9,3,0,11,0.444,0,0,4,1.3,0.7,0.3,2.7,7,0,3.3,0.5,0,0.5,1,0.3,0.1,0.3,0.7,No,0,0
Derrick White,2017,29,PG/SG,17,0,8.2,0.485,0.615,0.7,1.5,0.5,0.2,0.2,3.2,67,55,25.8,0.479,0.338,0.772,3.7,3.9,1,0.7,9.9,68,20,24.7,0.458,0.366,0.853,3.3,3.5,0.6,0.9,11.3,36,32,29.5,0.411,0.346,0.851,3,3.5,0.7,1,15.4,Yes,0,0
Wes Iwundu,2017,33,SF,62,12,16.5,0.427,0.196,0.723,2.2,0.9,0.5,0.2,3.7,68,13,18.1,0.412,0.367,0.816,2.7,1.1,0.4,0.3,5,52,21,18.3,0.416,0.341,0.804,2.5,1.2,0.5,0.3,5.8,23,3,12.5,0.327,0.13,0.857,2.9,0.4,0.4,0.1,2.1,Yes,0,0
Semi Ojeleye,2017,37,SF/PF,73,0,15.8,0.346,0.32,0.61,2.2,0.3,0.3,0.1,2.7,56,3,10.6,0.424,0.315,0.615,1.5,0.4,0.2,0.1,3.3,69,6,14.7,0.408,0.378,0.875,2.1,0.5,0.3,0.1,3.4,56,15,17,0.403,0.367,0.75,2.6,0.7,0.3,0,4.6,Yes,0,0
Dillon Brooks,2017,45,SF,82,74,28.7,0.44,0.356,0.747,3.1,1.6,0.9,0.2,11,18,0,18.3,0.402,0.375,0.733,1.7,0.9,0.6,0.2,7.5,73,73,28.9,0.407,0.358,0.808,3.3,2.1,0.9,0.4,16.2,67,67,29.8,0.419,0.344,0.815,2.9,2.3,1.2,0.4,17.2,Yes,0,0
Sterling Brown,2017,46,SG,54,4,14.4,0.4,0.352,0.875,2.6,0.5,0.6,0.2,4,58,7,17.8,0.465,0.361,0.69,3.2,1.4,0.4,0.1,6.4,52,1,14.7,0.371,0.324,0.8,3.5,1,0.6,0.1,5.1,51,14,24.1,0.448,0.423,0.806,4.4,1.4,0.8,0.2,8.2,Yes,0,0
Luka Dončić,2018,3,PG,72,72,32.2,0.427,0.327,0.713,7.8,6,1.1,0.3,21.2,61,61,33.6,0.463,0.316,0.758,9.4,8.8,1,0.2,28.8,66,66,34.3,0.479,0.35,0.73,8,8.6,1,0.5,27.7,65,65,35.4,0.457,0.353,0.744,9.1,8.7,1.2,0.6,28.4,Yes,3,5
Jaren Jackson Jr.,2018,4,PF,58,56,26.1,0.506,0.359,0.766,4.7,1.1,0.9,1.4,13.8,57,57,28.5,0.469,0.394,0.747,4.6,1.4,0.7,1.6,17.4,11,4,23.5,0.424,0.283,0.833,5.6,1.1,1.1,1.6,14.4,78,78,27.3,0.415,0.319,0.823,5.8,1.1,0.9,2.3,16.3,Yes,1,2
Trae Young,2018,5,PG,81,81,30.9,0.418,0.324,0.829,3.7,8.1,0.9,0.2,19.1,60,60,35.3,0.437,0.361,0.86,4.3,9.3,1.1,0.1,29.6,63,63,33.7,0.438,0.343,0.886,3.9,9.4,0.8,0.2,25.3,76,76,34.9,0.46,0.382,0.904,3.7,9.7,0.9,0.1,28.4,Yes,2,4
Wendell Carter Jr.,2018,7,C,44,44,25.2,0.485,0.188,0.795,7,1.8,0.6,1.3,10.3,43,43,29.2,0.534,0.207,0.737,9.4,1.2,0.8,0.8,11.3,32,25,24.7,0.512,0.364,0.739,7.8,2.2,0.6,0.8,10.9,62,61,29.9,0.525,0.327,0.691,10.5,2.8,0.6,0.7,15,Yes,0,0
Shai Gilgeous-Alexander,2018,11,SG/PG,82,73,26.5,0.476,0.367,0.8,2.8,3.3,1.2,0.5,10.8,70,70,34.7,0.471,0.347,0.807,5.9,3.3,1.1,0.7,19,35,35,33.7,0.5,0.418,0.874,4.7,5.9,0.8,0.7,23.7,56,56,34.7,0.453,0.3,0.81,5,5.9,1.3,0.8,24.5,Yes,1,3
Jerome Robinson,2018,13,SG,33,0,9.7,0.4,0.316,0.667,1.2,0.6,0.3,0.1,3.4,42,1,11.3,0.338,0.284,0.579,1.4,1.1,0.3,0.2,2.9,21,5,24,0.397,0.349,0.763,3.3,2,0.7,0.4,9.4,17,6,17.9,0.295,0.262,0.8,2.2,1.5,0.7,0.4,4.9,No,0,0
Josh Okogie,2018,20,SG,74,52,23.7,0.386,0.279,0.728,2.9,1.2,1.2,0.4,7.7,62,28,25,0.427,0.266,0.796,4.3,1.6,1.1,0.4,8.6,59,37,20.3,0.402,0.269,0.769,2.6,1.1,0.9,0.5,5.4,49,6,10.5,0.404,0.298,0.686,1.4,0.5,0.5,0.2,2.7,Yes,0,0
Landry Shamet,2018,26,SG,54,4,20.5,0.441,0.404,0.815,1.4,1.1,0.4,0.1,8.3,53,30,27.4,0.404,0.375,0.855,1.9,1.9,0.4,0.2,9.3,61,12,23,0.408,0.387,0.846,1.8,1.6,0.5,0.2,9.3,69,14,20.8,0.394,0.368,0.84,1.8,1.6,0.4,0.1,8.3,Yes,0,0
Jalen Brunson,2018,33,PG,73,38,21.8,0.467,0.348,0.725,2.3,3.2,0.5,0.1,9.3,57,16,17.9,0.466,0.358,0.813,2.4,3.3,0.4,0.1,8.2,68,12,25,0.523,0.405,0.795,3.4,3.5,0.5,0,12.6,79,61,31.9,0.502,0.373,0.84,3.9,4.8,0.8,0,16.3,Yes,0,2
Gary Trent Jr.,2018,37,SG,15,1,7.4,0.32,0.238,0.429,0.7,0.3,0.1,0.1,2.7,61,8,21.8,0.444,0.418,0.822,1.6,1,0.8,0.3,8.9,41,23,30.8,0.414,0.397,0.773,2.2,1.4,0.9,0.1,15.6,70,69,35,0.414,0.383,0.853,2.7,2,1.7,0.3,18.3,Yes,0,0
Zion Williamson,2019,1,PF,24,24,27.8,0.583,0.429,0.64,6.3,2.1,0.7,0.4,22.5,61,61,33.2,0.611,0.294,0.698,7.2,3.7,0.9,0.6,27,0,0,0,0,0,0,0,0,0,0,0,29,29,33,0.608,0.368,0.714,7,4.6,1.1,0.6,26,Yes,2,2
Ja Morant,2019,2,PG,67,67,31,0.477,0.335,0.776,3.9,7.3,0.9,0.3,17.8,63,63,32.6,0.449,0.303,0.728,4,7.4,0.9,0.2,19.1,57,57,33.1,0.493,0.344,0.761,5.7,6.7,1.2,0.4,27.4,61,59,31.9,0.466,0.307,0.748,5.9,8.1,1.1,0.3,26.2,Yes,2,2
Darius Garland,2019,5,PG,59,59,30.9,0.401,0.355,0.875,1.9,3.9,0.7,0.1,12.3,54,50,33.1,0.451,0.395,0.848,3.4,6.1,1.2,0.1,17.4,68,68,35.7,0.462,0.383,0.892,3.3,8.6,1.3,0.1,21.7,69,69,35.5,0.462,0.41,0.863,2.7,7.8,1.2,0.1,21.6,Yes,1,2
Cam Reddish,2019,10,SF,58,34,26.7,0.384,0.332,0.802,3.7,1.5,1.1,0.5,10.5,26,21,28.9,0.365,0.262,0.817,4,1.3,1.3,0.3,11.2,34,7,23.4,0.402,0.379,0.9,2.5,1.1,1,0.3,11.9,20,8,21.9,0.449,0.304,0.879,1.6,1,0.8,0.4,8.4,Yes,0,0
Tyler Herro,2019,13,SG,55,8,27.4,0.428,0.389,0.87,4.1,2.2,0.6,0.2,13.5,54,15,30.3,0.439,0.36,0.803,5,3.4,0.6,0.3,15.1,66,10,32.6,0.447,0.399,0.868,5,4,0.7,0.1,20.7,67,67,34.9,0.439,0.378,0.934,5.4,4.2,0.8,0.2,20.1,Yes,0,1
Nickeil Alexander-Walker,2019,17,SG,47,1,12.6,0.368,0.346,0.676,1.8,1.9,0.4,0.2,5.7,46,13,21.9,0.419,0.347,0.727,3.1,2.2,1,0.5,11,50,19,26.3,0.375,0.311,0.722,3.3,2.8,0.8,0.4,12.8,36,3,14.7,0.488,0.402,0.692,1.6,2.1,0.7,0.4,6.3,Yes,0,0
Grant Williams,2019,22,PF,69,5,15.1,0.412,0.25,0.722,2.6,1,0.4,0.5,3.4,63,9,18.1,0.437,0.372,0.588,2.8,1,0.5,0.4,4.7,77,21,24.4,0.475,0.411,0.905,3.6,1,0.5,0.7,7.8,79,23,25.9,0.454,0.395,0.77,4.6,1.7,0.5,0.4,8.1,Yes,0,0
Dylan Windler,2019,26,SF,31,0,16.5,0.438,0.338,0.778,3.5,1.1,0.6,0.4,5.2,50,0,9.2,0.378,0.3,0.833,1.8,0.7,0.3,0.1,2.2,3,0,3.5,0.667,0.5,0,0,0.3,0.3,0,1.7,3,0,2.5,0.5,0.5,0,0.3,0.3,0,0,1,Yes,0,0
Keldon Johnson,2019,29,SF,17,1,17.7,0.596,0.591,0.795,3.4,0.9,0.8,0.1,9.1,69,67,28.5,0.479,0.331,0.74,6,1.8,0.6,0.3,12.8,75,74,31.9,0.466,0.398,0.756,6.1,2.1,0.8,0.2,17,63,63,32.8,0.452,0.329,0.749,5,2.9,0.7,0.2,22,Yes,0,0
Nic Claxton,2019,31,PF,15,0,12.5,0.563,0.143,0.524,2.9,1.1,0.1,0.5,4.4,32,1,18.6,0.621,0.2,0.484,5.2,0.9,0.7,1.3,6.6,47,19,20.7,0.674,0,0.581,5.6,0.9,0.5,1.1,8.7,76,76,29.9,0.705,0,0.541,9.2,1.9,0.9,2.5,12.6,Yes,0,0
Bruno Fernando,2019,34,C,56,13,12.7,0.518,0.135,0.569,3.5,0.9,0.3,0.3,4.3,33,0,6.8,0.409,0,0.682,2.4,0.3,0.1,0.1,1.5,20,0,2.9,0.5,1,0.8,0.8,0.2,0,0.2,1,10,0,9.4,0.707,0,0.579,4,0.3,0.1,0.8,6.9,Yes,0,0
Cody Martin,2019,36,SF,48,3,18.8,0.43,0.234,0.646,3.3,2,0.8,0.2,5,52,10,16.3,0.441,0.276,0.581,3.1,1.7,0.7,0.2,4,71,11,26.3,0.482,0.384,0.701,4,2.5,1.2,0.5,7.7,7,0,19.1,0.389,0.214,0.571,3.4,1.6,0.6,0.1,5,Yes,0,0
Jaylen Nowell,2019,43,SG,15,0,10.1,0.358,0.115,0.941,0.9,1.3,0.2,0.1,3.8,42,0,18.1,0.424,0.333,0.818,2.3,1.5,0.5,0.3,9,62,1,15.7,0.475,0.394,0.783,2,2.1,0.4,0.2,8.5,65,2,19.3,0.448,0.289,0.778,2.6,2,0.6,0.1,10.8,Yes,0,0
Isaiah Roby,2019,45,SF,3,0,3.7,0,0,0,0.7,0,0,0,0,61,34,23.4,0.483,0.294,0.744,5.6,1.8,0.9,0.6,8.7,45,28,21.1,0.514,0.444,0.672,4.8,1.6,0.8,0.8,10.1,42,2,11.3,0.432,0.3,0.488,2.5,0.9,0.4,0.2,4.1,Yes,0,0
Tremont Waters,2019,51,PG,11,1,10.8,0.286,0.167,1,1.1,1.5,0.9,0.2,3.6,26,3,9.2,0.405,0.395,0.941,0.8,2.4,0.6,0,3.8,2,0,21,0.25,0.222,0,2,3.5,2,0,4,1,0,8,0.5,0,0,0,0,0,0,2,No,0,0
Anthony Edwards,2020,1,SG,72,55,32.1,0.417,0.329,0.776,4.7,2.9,1.1,0.5,19.3,72,72,34.3,0.441,0.357,0.786,4.8,3.8,1.5,0.6,21.3,79,79,36,0.459,0.369,0.756,5.8,4.4,1.6,0.7,24.6,79,78,35.1,0.461,0.357,0.836,5.4,5.1,1.3,0.5,25.9,Yes,2,3
LaMelo Ball,2020,3,PG,51,31,28.8,0.436,0.352,0.758,5.9,6.1,1.6,0.4,15.7,75,75,32.3,0.429,0.389,0.872,6.7,7.6,1.6,0.4,20.1,36,36,35.2,0.411,0.376,0.836,6.4,8.4,1.3,0.3,23.3,22,22,32.3,0.433,0.355,0.865,5.1,8,1.8,0.2,23.9,Yes,1,1
Onyeka Okongwu,2020,6,PF,50,4,12,0.644,0,0.632,3.3,0.4,0.5,0.7,4.6,48,6,20.7,0.69,0,0.727,5.9,1.1,0.6,1.3,8.2,80,18,23.1,0.638,0.308,0.781,7.2,1,0.7,1.3,9.9,55,8,25.5,0.611,0.333,0.793,6.8,1.3,0.5,1.1,10.2,Yes,0,0
Tyrese Haliburton,2020,12,PG,58,20,30.1,0.472,0.409,0.857,3,5.3,1.3,0.5,13,77,77,36.1,0.502,0.416,0.849,4.3,9.6,1.8,0.6,17.5,56,56,33.6,0.49,0.4,0.871,3.7,10.4,1.6,0.4,20.7,69,68,32.2,0.477,0.364,0.855,3.9,10.9,1.2,0.7,20.1,Yes,2,2
Tyrese Maxey,2020,21,PG,61,8,15.3,0.462,0.301,0.871,1.7,2,0.4,0.2,8,75,74,35.3,0.485,0.427,0.866,3.2,4.3,0.7,0.4,17.5,60,41,33.6,0.481,0.434,0.845,2.9,3.5,0.8,0.1,20.3,70,70,37.5,0.45,0.373,0.868,3.7,6.2,1,0.5,25.9,Yes,1,1
R. J. Hampton,2020,24,SG,25,0,9.3,0.417,0.278,0.75,2,0.6,0.2,0.1,2.6,64,14,21.9,0.383,0.35,0.641,3,2.5,0.7,0.2,7.6,26,0,13.9,0.439,0.34,0.838,1.5,1.3,0.6,0.2,5.7,8,2,9.5,0.286,0.125,0.5,0.8,1,0,0,1.3,Yes,0,0
Immanuel Quickley,2020,25,SG,64,3,19.4,0.395,0.389,0.891,2.1,2,0.5,0.2,11.4,78,3,23.1,0.392,0.346,0.881,3.2,3.5,0.7,0,11.3,81,21,28.9,0.448,0.37,0.819,4.2,3.4,1,0.2,14.9,30,0,24,0.454,0.395,0.872,2.6,2.5,0.5,0.1,15,Yes,0,0
Payton Pritchard,2020,26,PG,66,4,19.2,0.44,0.411,0.889,2.4,1.8,0.6,0.1,7.7,71,2,14.1,0.429,0.412,1,1.9,2,0.4,0.1,6.2,48,3,13.4,0.412,0.364,0.75,1.8,1.3,0.3,0,5.6,82,5,22.3,0.468,0.385,0.821,3.2,3.4,0.5,0.1,9.6,Yes,0,0
Udoka Azubuike,2020,27,C,15,0,3.8,0.444,0,0.8,0.9,0,0.1,0.3,1.1,17,6,11.5,0.755,0,0.545,4.2,0,0.1,0.6,4.7,36,4,10,0.819,0,0.35,3.3,0.3,0.2,0.4,3.5,16,0,7.1,0.696,0,0.231,2,0.2,0.1,0.4,2.2,Yes,0,0